date_year,nombre_estado,anomaly_tmmx_mean
1990-06-30,Nacional,0.2869814091263458
1991-06-30,Nacional,0.306754205520782
1992-06-30,Nacional,-0.0756585168223824
1993-06-30,Nacional,0.4369246465778103
1994-06-30,Nacional,0.9193100389258082
1995-06-30,Nacional,0.8898287200395452
1996-06-30,Nacional,1.0403602256820244
1997-06-30,Nacional,0.5010592591953374
1998-06-30,Nacional,1.169945058461877
1999-06-30,Nacional,0.6394620710047516
2000-06-30,Nacional,0.6838680220343144
2001-06-30,Nacional,0.2973229963328176
2002-06-30,Nacional,0.6111308886272585
2003-06-30,Nacional,0.6304669751736233
2004-06-30,Nacional,0.3110295513232805
2005-06-30,Nacional,0.8699117231143707
2006-06-30,Nacional,1.1929477064524232
2007-06-30,Nacional,0.5745318949826348
2008-06-30,Nacional,0.7213594053614522
2009-06-30,Nacional,1.2687685217537186
2010-06-30,Nacional,0.4376204381009864
2011-06-30,Nacional,1.6898762130035645
2012-06-30,Nacional,1.428776209217839
2013-06-30,Nacional,0.6884107628841667
2014-06-30,Nacional,1.0587764686214076
2015-06-30,Nacional,0.9574761425360564
2016-06-30,Nacional,1.55186914360741
2017-06-30,Nacional,1.472923376328709
2018-06-30,Nacional,1.0392143644075262
2019-06-30,Nacional,1.4924803410646292
2020-06-30,Nacional,1.5753009688282893
2021-06-30,Nacional,1.236098214670783
2022-06-30,Nacional,1.0203427087339068
1990-06-30,Aguascalientes,0.0668632744630521
1990-06-30,Baja California,0.2926676169528331
1990-06-30,Baja California Sur,0.8481366226129256
1990-06-30,Campeche,0.10613070854873
1990-06-30,Coahuila,0.2669838349420636
1990-06-30,Colima,0.7159406244331338
1990-06-30,Chiapas,0.0794609464630191
1990-06-30,Chihuahua,0.0906081624179814
1990-06-30,Ciudad de México,0.1980879293170427
1990-06-30,Durango,0.0995248329118056
1990-06-30,Guanajuato,0.2778841547294913
1990-06-30,Guerrero,0.051150304828774
1990-06-30,Hidalgo,0.2089087249871467
1990-06-30,Jalisco,0.5556185185814844
1990-06-30,Estado de México,0.1167266596027687
1990-06-30,Michoacán,0.4986073157445931
1990-06-30,Morelos,0.1122995472727677
1990-06-30,Nayarit,0.5931710491758405
1990-06-30,Nuevo León,0.5160307474275987
1990-06-30,Oaxaca,0.3809467505570539
1990-06-30,Puebla,0.3701875494910771
1990-06-30,Querétaro,0.2460684891043121
1990-06-30,Quintana Roo,0.0157274520484989
1990-06-30,San Luis Potosí,0.1764735326094239
1990-06-30,Sinaloa,0.110800863376903
1990-06-30,Sonora,0.4275412024118459
1990-06-30,Tabasco,0.1840125736680091
1990-06-30,Tamaulipas,0.6696536065978448
1990-06-30,Tlaxcala,0.3556541907012157
1990-06-30,Veracruz,0.4552436209717305
1990-06-30,Yucatán,-0.0503500176152963
1990-06-30,Zacatecas,0.1300488733044469
1991-06-30,Aguascalientes,0.5841939646408645
1991-06-30,Baja California,-0.206863116603758
1991-06-30,Baja California Sur,0.9854486537954597
1991-06-30,Campeche,0.2515307793689605
1991-06-30,Coahuila,0.2525290655929848
1991-06-30,Colima,0.7534532574513845
1991-06-30,Chiapas,0.5367790607055654
1991-06-30,Chihuahua,-0.4208210159113082
1991-06-30,Ciudad de México,0.6117101067435278
1991-06-30,Durango,0.0738435131991034
1991-06-30,Guanajuato,0.5548487924462997
1991-06-30,Guerrero,0.5643208104395705
1991-06-30,Hidalgo,0.601344050954346
1991-06-30,Jalisco,0.7886744863699794
1991-06-30,Estado de México,0.5479412662806333
1991-06-30,Michoacán,0.7864164354434587
1991-06-30,Morelos,0.5284096801017422
1991-06-30,Nayarit,0.7331898591012663
1991-06-30,Nuevo León,0.4521841785257131
1991-06-30,Oaxaca,0.8237815745795917
1991-06-30,Puebla,0.686586183672321
1991-06-30,Querétaro,0.5499547075909559
1991-06-30,Quintana Roo,0.2726339968437076
1991-06-30,San Luis Potosí,0.5119297249155718
1991-06-30,Sinaloa,0.2644281996330332
1991-06-30,Sonora,0.0632617021047875
1991-06-30,Tabasco,0.5094830818384037
1991-06-30,Tamaulipas,0.4886939498750985
1991-06-30,Tlaxcala,0.6804985986263465
1991-06-30,Veracruz,0.7395590523555812
1991-06-30,Yucatán,0.1228356785423598
1991-06-30,Zacatecas,0.4286781841027305
1992-06-30,Aguascalientes,-0.4780209257513578
1992-06-30,Baja California,0.6332819245811852
1992-06-30,Baja California Sur,1.0526727553882034
1992-06-30,Campeche,-0.3554541362980633
1992-06-30,Coahuila,-0.2170423106289947
1992-06-30,Colima,0.0634174505616463
1992-06-30,Chiapas,-0.0812170667215158
1992-06-30,Chihuahua,-0.1092341025760346
1992-06-30,Ciudad de México,-0.4705114376484588
1992-06-30,Durango,-0.0812405485465498
1992-06-30,Guanajuato,-0.5096882284581363
1992-06-30,Guerrero,-0.3035577920934075
1992-06-30,Hidalgo,-0.4119025571609944
1992-06-30,Jalisco,-0.067351728644944
1992-06-30,Estado de México,-0.4374812918902183
1992-06-30,Michoacán,-0.1469346594388279
1992-06-30,Morelos,-0.5735502809843682
1992-06-30,Nayarit,0.2314763664476808
1992-06-30,Nuevo León,-0.4021634053471931
1992-06-30,Oaxaca,0.1466116600537857
1992-06-30,Puebla,-0.4369729947391986
1992-06-30,Querétaro,-0.4744683960131926
1992-06-30,Quintana Roo,-0.1250422504138548
1992-06-30,San Luis Potosí,-0.5288465407821245
1992-06-30,Sinaloa,0.3548007582915748
1992-06-30,Sonora,0.1606104618931531
1992-06-30,Tabasco,-0.1847960241475393
1992-06-30,Tamaulipas,-0.4444269092277312
1992-06-30,Tlaxcala,-0.4559973952489686
1992-06-30,Veracruz,-0.1843981298655508
1992-06-30,Yucatán,-0.3052006409980302
1992-06-30,Zacatecas,-0.3734039665640373
1993-06-30,Aguascalientes,0.5202112329488754
1993-06-30,Baja California,0.5848593643668356
1993-06-30,Baja California Sur,1.051575090959456
1993-06-30,Campeche,-0.2079348547142852
1993-06-30,Coahuila,0.2692535887204641
1993-06-30,Colima,0.6290016790672225
1993-06-30,Chiapas,0.2662280361445016
1993-06-30,Chihuahua,0.4670283703393472
1993-06-30,Ciudad de México,0.5437004520832974
1993-06-30,Durango,0.3512801800221967
1993-06-30,Guanajuato,0.4778217856170849
1993-06-30,Guerrero,0.2986404806436564
1993-06-30,Hidalgo,0.5557476458798963
1993-06-30,Jalisco,0.6951076702994293
1993-06-30,Estado de México,0.5618786751764213
1993-06-30,Michoacán,0.6768570931617318
1993-06-30,Morelos,0.4365616236222536
1993-06-30,Nayarit,0.7991270400538599
1993-06-30,Nuevo León,0.1801105470633437
1993-06-30,Oaxaca,0.4824153713775855
1993-06-30,Puebla,0.5161233635657789
1993-06-30,Querétaro,0.5397387406741064
1993-06-30,Quintana Roo,-0.1357318433528535
1993-06-30,San Luis Potosí,0.5441581793597555
1993-06-30,Sinaloa,0.6271610237478034
1993-06-30,Sonora,0.5691399639881628
1993-06-30,Tabasco,0.1562155711151317
1993-06-30,Tamaulipas,0.3242543667739946
1993-06-30,Tlaxcala,0.5387718730887865
1993-06-30,Veracruz,0.5053387887985885
1993-06-30,Yucatán,-0.2567088362528336
1993-06-30,Zacatecas,0.4889672636756119
1994-06-30,Aguascalientes,0.9454203287309166
1994-06-30,Baja California,0.5872209554677414
1994-06-30,Baja California Sur,1.3634389147981
1994-06-30,Campeche,0.1267414295842668
1994-06-30,Coahuila,0.8477293599319848
1994-06-30,Colima,1.0872829940901108
1994-06-30,Chiapas,0.7572533365150319
1994-06-30,Chihuahua,1.3388362873184474
1994-06-30,Ciudad de México,0.8468846332938432
1994-06-30,Durango,1.0283921177924449
1994-06-30,Guanajuato,0.7332045538918108
1994-06-30,Guerrero,0.7973333307490345
1994-06-30,Hidalgo,0.9569187983337012
1994-06-30,Jalisco,1.149254453115783
1994-06-30,Estado de México,0.8420947088090834
1994-06-30,Michoacán,0.9573914836227846
1994-06-30,Morelos,0.6821988929107168
1994-06-30,Nayarit,1.3052988040808482
1994-06-30,Nuevo León,0.5719406110718727
1994-06-30,Oaxaca,0.8976992220155642
1994-06-30,Puebla,0.9477449514283888
1994-06-30,Querétaro,0.8529962248866569
1994-06-30,Quintana Roo,0.0804455687464863
1994-06-30,San Luis Potosí,0.8609580478806581
1994-06-30,Sinaloa,1.1377890132250206
1994-06-30,Sonora,1.0704211939538142
1994-06-30,Tabasco,0.6336653682978
1994-06-30,Tamaulipas,0.6560839962826169
1994-06-30,Tlaxcala,0.9716511349586636
1994-06-30,Veracruz,0.9030388597043336
1994-06-30,Yucatán,-0.0116767973953647
1994-06-30,Zacatecas,1.0119474058073694
1995-06-30,Aguascalientes,0.8881328208753844
1995-06-30,Baja California,0.7419750024178531
1995-06-30,Baja California Sur,1.1170277876540018
1995-06-30,Campeche,-0.0552656350394291
1995-06-30,Coahuila,1.0177609486730244
1995-06-30,Colima,0.8338595033070695
1995-06-30,Chiapas,0.2283344288726589
1995-06-30,Chihuahua,1.311923289906326
1995-06-30,Ciudad de México,0.6699143576232336
1995-06-30,Durango,1.2235764869984875
1995-06-30,Guanajuato,0.6701430183604205
1995-06-30,Guerrero,0.6038218294224507
1995-06-30,Hidalgo,0.8227878133492833
1995-06-30,Jalisco,0.9473300947491314
1995-06-30,Estado de México,0.6830652329787221
1995-06-30,Michoacán,0.8755951666647888
1995-06-30,Morelos,0.5226947460814376
1995-06-30,Nayarit,1.0393183436538231
1995-06-30,Nuevo León,0.7010680745813417
1995-06-30,Oaxaca,0.6123824892009948
1995-06-30,Puebla,0.7339930633462639
1995-06-30,Querétaro,0.8204518723398554
1995-06-30,Quintana Roo,0.1113335601556657
1995-06-30,San Luis Potosí,0.8997286337658921
1995-06-30,Sinaloa,1.2716275576329223
1995-06-30,Sonora,1.2277947273435232
1995-06-30,Tabasco,0.2296289744234105
1995-06-30,Tamaulipas,0.7189714276226815
1995-06-30,Tlaxcala,0.7307253043642785
1995-06-30,Veracruz,0.7682229768171788
1995-06-30,Yucatán,-0.1775030652826226
1995-06-30,Zacatecas,1.0990478096730587
1996-06-30,Aguascalientes,0.8303372449262513
1996-06-30,Baja California,1.750950538965479
1996-06-30,Baja California Sur,1.6303916541163546
1996-06-30,Campeche,-0.2822453214835615
1996-06-30,Coahuila,1.2972628757988378
1996-06-30,Colima,0.6537529057847419
1996-06-30,Chiapas,0.028472719362841
1996-06-30,Chihuahua,1.4420297917329998
1996-06-30,Ciudad de México,0.7315711220742791
1996-06-30,Durango,1.1402868553170198
1996-06-30,Guanajuato,0.7171349310872209
1996-06-30,Guerrero,0.584999635753261
1996-06-30,Hidalgo,0.8640196262368709
1996-06-30,Jalisco,0.7736365620506147
1996-06-30,Estado de México,0.7253124564412606
1996-06-30,Michoacán,0.7780594125315106
1996-06-30,Morelos,0.5617180128915862
1996-06-30,Nayarit,0.9429640382708938
1996-06-30,Nuevo León,1.327989541100292
1996-06-30,Oaxaca,0.3848684324139803
1996-06-30,Puebla,0.666787016240398
1996-06-30,Querétaro,0.8831643483398017
1996-06-30,Quintana Roo,-0.2057394047645491
1996-06-30,San Luis Potosí,1.1434757880466782
1996-06-30,Sinaloa,1.2430953881641271
1996-06-30,Sonora,1.8452429958025207
1996-06-30,Tabasco,-0.0052172651242977
1996-06-30,Tamaulipas,1.2485412692067364
1996-06-30,Tlaxcala,0.6664204032964185
1996-06-30,Veracruz,0.6157727279096188
1996-06-30,Yucatán,-0.2741792077644243
1996-06-30,Zacatecas,1.132553778168529
1997-06-30,Aguascalientes,0.8802589206498849
1997-06-30,Baja California,0.8355619422011881
1997-06-30,Baja California Sur,1.1682766709475212
1997-06-30,Campeche,0.0259181914256115
1997-06-30,Coahuila,-0.1527909377693888
1997-06-30,Colima,0.9539838442179271
1997-06-30,Chiapas,0.5153222032393788
1997-06-30,Chihuahua,0.1493566741716926
1997-06-30,Ciudad de México,0.7763583128510729
1997-06-30,Durango,0.3801902609276271
1997-06-30,Guanajuato,0.7320535117447236
1997-06-30,Guerrero,0.7899311000922127
1997-06-30,Hidalgo,0.6922382493363137
1997-06-30,Jalisco,0.9599711067487768
1997-06-30,Estado de México,0.7610098628800399
1997-06-30,Michoacán,1.0040186939551397
1997-06-30,Morelos,0.6283223140720463
1997-06-30,Nayarit,0.945580897475734
1997-06-30,Nuevo León,0.2156127411802914
1997-06-30,Oaxaca,0.4788664906252777
1997-06-30,Puebla,0.5367146580711228
1997-06-30,Querétaro,0.7193374083074883
1997-06-30,Quintana Roo,0.1253244240004061
1997-06-30,San Luis Potosí,0.7897666823793363
1997-06-30,Sinaloa,0.7275952688299401
1997-06-30,Sonora,0.8371860833146316
1997-06-30,Tabasco,0.3346940959897793
1997-06-30,Tamaulipas,0.282748435145004
1997-06-30,Tlaxcala,0.5208985841066198
1997-06-30,Veracruz,0.4973224295929549
1997-06-30,Yucatán,-0.0104740480836866
1997-06-30,Zacatecas,0.7809260020188746
1998-06-30,Aguascalientes,1.8406863309119823
1998-06-30,Baja California,-0.3864747115049283
1998-06-30,Baja California Sur,1.2458782851731631
1998-06-30,Campeche,0.1552639954209825
1998-06-30,Coahuila,1.756763890913758
1998-06-30,Colima,0.8710543101647967
1998-06-30,Chiapas,0.8060447541233967
1998-06-30,Chihuahua,1.2054667022453296
1998-06-30,Ciudad de México,1.5182628095179154
1998-06-30,Durango,1.5333465976825842
1998-06-30,Guanajuato,1.5252181260597717
1998-06-30,Guerrero,1.2047456611333307
1998-06-30,Hidalgo,1.6244067575366472
1998-06-30,Jalisco,1.2597848852403497
1998-06-30,Estado de México,1.4726192269165264
1998-06-30,Michoacán,1.327461538056975
1998-06-30,Morelos,1.4134911492641165
1998-06-30,Nayarit,1.332675267999824
1998-06-30,Nuevo León,1.6476932270435336
1998-06-30,Oaxaca,1.1421537966396165
1998-06-30,Puebla,1.594139880766506
1998-06-30,Querétaro,1.5276583779767907
1998-06-30,Quintana Roo,0.1453398831534678
1998-06-30,San Luis Potosí,1.6923717018369735
1998-06-30,Sinaloa,1.3369343043781698
1998-06-30,Sonora,0.7226431062642529
1998-06-30,Tabasco,0.6564323823585781
1998-06-30,Tamaulipas,1.5650058078798808
1998-06-30,Tlaxcala,1.676164295111253
1998-06-30,Veracruz,1.4208744756274885
1998-06-30,Yucatán,-0.0483265997616679
1998-06-30,Zacatecas,1.796181051535459
1999-06-30,Aguascalientes,0.8726108669734957
1999-06-30,Baja California,-0.3785736581379937
1999-06-30,Baja California Sur,0.4128081445703756
1999-06-30,Campeche,-0.1639962858566596
1999-06-30,Coahuila,1.14845143696579
1999-06-30,Colima,0.437439049021447
1999-06-30,Chiapas,0.1946337299722488
1999-06-30,Chihuahua,0.8682876209329877
1999-06-30,Ciudad de México,0.7496378028869688
1999-06-30,Durango,0.7699475878622941
1999-06-30,Guanajuato,0.9790667764442772
1999-06-30,Guerrero,0.5405408973307537
1999-06-30,Hidalgo,0.9762197080828136
1999-06-30,Jalisco,0.6032915247463108
1999-06-30,Estado de México,0.8190830545573956
1999-06-30,Michoacán,0.6849013392538498
1999-06-30,Morelos,0.6825647976042969
1999-06-30,Nayarit,0.5574951218113764
1999-06-30,Nuevo León,1.1278209960679386
1999-06-30,Oaxaca,0.4548341076349356
1999-06-30,Puebla,0.7975110374254699
1999-06-30,Querétaro,1.0012543468628738
1999-06-30,Quintana Roo,-0.2430537853203703
1999-06-30,San Luis Potosí,1.0494517772577816
1999-06-30,Sinaloa,0.6765707648015206
1999-06-30,Sonora,0.494848023579205
1999-06-30,Tabasco,0.1678412482963748
1999-06-30,Tamaulipas,1.1681731417667212
1999-06-30,Tlaxcala,0.9013360568821316
1999-06-30,Veracruz,0.7580088897664533
1999-06-30,Yucatán,-0.3839728934257942
1999-06-30,Zacatecas,0.8603629912520826
2000-06-30,Aguascalientes,0.9851048598018564
2000-06-30,Baja California,-0.1410460979666053
2000-06-30,Baja California Sur,0.3909808471698669
2000-06-30,Campeche,0.2921701647283599
2000-06-30,Coahuila,0.929949629526014
2000-06-30,Colima,0.613221953175137
2000-06-30,Chiapas,0.6982966620453923
2000-06-30,Chihuahua,0.7279459139290027
2000-06-30,Ciudad de México,0.7934732315998573
2000-06-30,Durango,0.6903921601922605
2000-06-30,Guanajuato,1.107069184092724
2000-06-30,Guerrero,0.6369599362809167
2000-06-30,Hidalgo,1.022378079978173
2000-06-30,Jalisco,0.6985684352793178
2000-06-30,Estado de México,0.8804392168049924
2000-06-30,Michoacán,0.8154940746000082
2000-06-30,Morelos,0.7617723618991723
2000-06-30,Nayarit,0.5850724006421646
2000-06-30,Nuevo León,1.0463849557777647
2000-06-30,Oaxaca,0.648791220552352
2000-06-30,Puebla,0.85534913231109
2000-06-30,Querétaro,1.0931715315726591
2000-06-30,Quintana Roo,0.1460378122635815
2000-06-30,San Luis Potosí,1.1018639747977277
2000-06-30,Sinaloa,0.5117573625037151
2000-06-30,Sonora,0.5007985929645185
2000-06-30,Tabasco,0.6191392306926295
2000-06-30,Tamaulipas,1.1145017010964662
2000-06-30,Tlaxcala,0.9175418872125204
2000-06-30,Veracruz,0.8845265142506554
2000-06-30,Yucatán,0.0533757171745292
2000-06-30,Zacatecas,0.8886600692373712
2001-06-30,Aguascalientes,0.1363205034009841
2001-06-30,Baja California,-0.3019896505057433
2001-06-30,Baja California Sur,0.2630770984321181
2001-06-30,Campeche,0.7344489020591299
2001-06-30,Coahuila,0.0051063829379707
2001-06-30,Colima,0.1370136421353659
2001-06-30,Chiapas,0.8410336572128208
2001-06-30,Chihuahua,0.3124374151856313
2001-06-30,Ciudad de México,0.35512380716614
2001-06-30,Durango,0.1261883617864901
2001-06-30,Guanajuato,0.2697513377722667
2001-06-30,Guerrero,0.3214074665203829
2001-06-30,Hidalgo,0.3800568346607073
2001-06-30,Jalisco,0.1434358934998989
2001-06-30,Estado de México,0.3637868433113873
2001-06-30,Michoacán,0.2745439895113702
2001-06-30,Morelos,0.3944374741842225
2001-06-30,Nayarit,0.1303571573893236
2001-06-30,Nuevo León,0.0845225312017639
2001-06-30,Oaxaca,0.5870917933571221
2001-06-30,Puebla,0.4499688789322035
2001-06-30,Querétaro,0.34354311282375
2001-06-30,Quintana Roo,0.6722229539394535
2001-06-30,San Luis Potosí,0.2330437249028885
2001-06-30,Sinaloa,0.2674430464978835
2001-06-30,Sonora,0.347830119359218
2001-06-30,Tabasco,0.7447821416848871
2001-06-30,Tamaulipas,0.3537426396507108
2001-06-30,Tlaxcala,0.425029941437102
2001-06-30,Veracruz,0.5192280371939919
2001-06-30,Yucatán,0.6679391173355523
2001-06-30,Zacatecas,0.0703452521075098
2002-06-30,Aguascalientes,0.7971647189567861
2002-06-30,Baja California,-0.2171717855664447
2002-06-30,Baja California Sur,0.4260293948796586
2002-06-30,Campeche,0.8575895300643472
2002-06-30,Coahuila,0.3114854722930392
2002-06-30,Colima,0.8983732978770432
2002-06-30,Chiapas,1.0917642892243302
2002-06-30,Chihuahua,0.3638744764202636
2002-06-30,Ciudad de México,0.901241608166971
2002-06-30,Durango,0.6360674461645877
2002-06-30,Guanajuato,0.8168168934530848
2002-06-30,Guerrero,0.84227379683679
2002-06-30,Hidalgo,0.8132257206115387
2002-06-30,Jalisco,0.8655087507275191
2002-06-30,Estado de México,0.9052140697979356
2002-06-30,Michoacán,0.9505568147922768
2002-06-30,Morelos,0.9347210944803168
2002-06-30,Nayarit,0.8531410494717692
2002-06-30,Nuevo León,0.4811423686489205
2002-06-30,Oaxaca,0.7807972594465198
2002-06-30,Puebla,0.9007380675908344
2002-06-30,Querétaro,0.8090522943827575
2002-06-30,Quintana Roo,0.7890050687684104
2002-06-30,San Luis Potosí,0.7275283141575372
2002-06-30,Sinaloa,0.6331483827842919
2002-06-30,Sonora,0.5137173567646444
2002-06-30,Tabasco,0.9961345628201684
2002-06-30,Tamaulipas,0.6477802362102492
2002-06-30,Tlaxcala,0.8319051971822935
2002-06-30,Veracruz,0.8531103001012923
2002-06-30,Yucatán,0.7297327301060343
2002-06-30,Zacatecas,0.70677165557835
2003-06-30,Aguascalientes,0.7111023968614846
2003-06-30,Baja California,0.0186532813677609
2003-06-30,Baja California Sur,0.509975062820876
2003-06-30,Campeche,1.0680844205210636
2003-06-30,Coahuila,0.1777936349465286
2003-06-30,Colima,0.8817140623975828
2003-06-30,Chiapas,1.3422914565256283
2003-06-30,Chihuahua,0.4457858108266103
2003-06-30,Ciudad de México,1.0392983867640386
2003-06-30,Durango,0.3301597114507503
2003-06-30,Guanajuato,0.8385817706536226
2003-06-30,Guerrero,1.058576894268147
2003-06-30,Hidalgo,0.968190589815427
2003-06-30,Jalisco,0.7773511169623738
2003-06-30,Estado de México,1.0214211400754591
2003-06-30,Michoacán,0.9805678143302062
2003-06-30,Morelos,1.2106029071284163
2003-06-30,Nayarit,0.7064010666355945
2003-06-30,Nuevo León,0.1834642821803173
2003-06-30,Oaxaca,1.0172589506231142
2003-06-30,Puebla,1.1996552202049289
2003-06-30,Querétaro,0.9067625549931312
2003-06-30,Quintana Roo,0.9320721431146824
2003-06-30,San Luis Potosí,0.6566163206004364
2003-06-30,Sinaloa,0.3201969388851639
2003-06-30,Sonora,0.561826499058818
2003-06-30,Tabasco,1.2492699268074432
2003-06-30,Tamaulipas,0.4918694598516909
2003-06-30,Tlaxcala,1.0441359222446611
2003-06-30,Veracruz,1.1338061461602322
2003-06-30,Yucatán,0.8872310817780538
2003-06-30,Zacatecas,0.504378809438745
2004-06-30,Aguascalientes,0.4882672891020675
2004-06-30,Baja California,-0.2766451648862699
2004-06-30,Baja California Sur,0.1223105716959647
2004-06-30,Campeche,1.0130813897349564
2004-06-30,Coahuila,-0.193764114962517
2004-06-30,Colima,0.7961402832844776
2004-06-30,Chiapas,1.2612295678255978
2004-06-30,Chihuahua,-0.4746073456665026
2004-06-30,Ciudad de México,0.8698471640172353
2004-06-30,Durango,0.2379825901428261
2004-06-30,Guanajuato,0.5553017959001946
2004-06-30,Guerrero,0.9042182437258408
2004-06-30,Hidalgo,0.7321927618807801
2004-06-30,Jalisco,0.7289780092615753
2004-06-30,Estado de México,0.807930097524328
2004-06-30,Michoacán,0.821505040327884
2004-06-30,Morelos,0.9828965982956164
2004-06-30,Nayarit,0.7662214614405782
2004-06-30,Nuevo León,0.1682128465357006
2004-06-30,Oaxaca,0.8451040259962312
2004-06-30,Puebla,1.0296932285799558
2004-06-30,Querétaro,0.6302503278329019
2004-06-30,Quintana Roo,0.8531121465260268
2004-06-30,San Luis Potosí,0.4466250295052916
2004-06-30,Sinaloa,0.090830665754147
2004-06-30,Sonora,-0.1714415605106349
2004-06-30,Tabasco,1.045031875018652
2004-06-30,Tamaulipas,0.4788265947192135
2004-06-30,Tlaxcala,0.880182959560361
2004-06-30,Veracruz,0.9788543495310378
2004-06-30,Yucatán,0.8229263779966731
2004-06-30,Zacatecas,0.4311627829661414
2005-06-30,Aguascalientes,1.1104643659199307
2005-06-30,Baja California,-0.0570742790679937
2005-06-30,Baja California Sur,0.2586998342642405
2005-06-30,Campeche,1.0840176792721314
2005-06-30,Coahuila,1.0250766633677757
2005-06-30,Colima,0.9099066147474392
2005-06-30,Chiapas,1.4204357763860296
2005-06-30,Chihuahua,0.6004653587430582
2005-06-30,Ciudad de México,1.4225296034987842
2005-06-30,Durango,0.7137941297664806
2005-06-30,Guanajuato,1.2101433770735608
2005-06-30,Guerrero,1.1428673863176533
2005-06-30,Hidalgo,1.3914070093703108
2005-06-30,Jalisco,1.0694915709475123
2005-06-30,Estado de México,1.380941102086332
2005-06-30,Michoacán,1.2179160128177693
2005-06-30,Morelos,1.393053069088459
2005-06-30,Nayarit,0.955933847138376
2005-06-30,Nuevo León,1.1182282699219253
2005-06-30,Oaxaca,0.9224782018666444
2005-06-30,Puebla,1.4684584749154
2005-06-30,Querétaro,1.3156547147518107
2005-06-30,Quintana Roo,0.8913758476058232
2005-06-30,San Luis Potosí,1.1801507725630058
2005-06-30,Sinaloa,0.2114439098896287
2005-06-30,Sonora,0.4514552877135113
2005-06-30,Tabasco,1.3138282854592425
2005-06-30,Tamaulipas,1.240438315820536
2005-06-30,Tlaxcala,1.4626800886143332
2005-06-30,Veracruz,1.371894229680784
2005-06-30,Yucatán,0.8254893871974904
2005-06-30,Zacatecas,1.0966420011663296
2006-06-30,Aguascalientes,1.506529090883887
2006-06-30,Baja California,0.3108843367240506
2006-06-30,Baja California Sur,0.6909436813761225
2006-06-30,Campeche,0.5422391744818942
2006-06-30,Coahuila,1.6506055845385097
2006-06-30,Colima,1.4095388281436962
2006-06-30,Chiapas,0.730587610450614
2006-06-30,Chihuahua,1.2729217115392166
2006-06-30,Ciudad de México,1.5872370460747744
2006-06-30,Durango,1.2766017702539432
2006-06-30,Guanajuato,1.5525859957819914
2006-06-30,Guerrero,1.3208071194417803
2006-06-30,Hidalgo,1.6224155717148854
2006-06-30,Jalisco,1.5178645619786106
2006-06-30,Estado de México,1.5783138160645809
2006-06-30,Michoacán,1.58171878749629
2006-06-30,Morelos,1.53492191406335
2006-06-30,Nayarit,1.4683804413766586
2006-06-30,Nuevo León,1.6353222637974547
2006-06-30,Oaxaca,0.9305417628163128
2006-06-30,Puebla,1.6113705625733008
2006-06-30,Querétaro,1.5821692691899731
2006-06-30,Quintana Roo,0.4439703006887368
2006-06-30,San Luis Potosí,1.5675289377320365
2006-06-30,Sinaloa,0.8758452864183723
2006-06-30,Sonora,0.8815686027517047
2006-06-30,Tabasco,0.6164536671236054
2006-06-30,Tamaulipas,1.6961832641021632
2006-06-30,Tlaxcala,1.6091268804146486
2006-06-30,Veracruz,1.4090608426980171
2006-06-30,Yucatán,0.4414016994620435
2006-06-30,Zacatecas,1.5206393390137778
2007-06-30,Aguascalientes,0.7199584696499214
2007-06-30,Baja California,-0.066028501094585
2007-06-30,Baja California Sur,0.2050588686536025
2007-06-30,Campeche,0.607073097278436
2007-06-30,Coahuila,0.0761919681419525
2007-06-30,Colima,0.7086297081334535
2007-06-30,Chiapas,0.7086267713455725
2007-06-30,Chihuahua,0.723659050196152
2007-06-30,Ciudad de México,0.8932495476219959
2007-06-30,Durango,0.6966397571931495
2007-06-30,Guanajuato,0.6983133592745574
2007-06-30,Guerrero,0.7497146872388221
2007-06-30,Hidalgo,0.8044567150397163
2007-06-30,Jalisco,0.8207663040905754
2007-06-30,Estado de México,0.8449415013501738
2007-06-30,Michoacán,0.8288125315090926
2007-06-30,Morelos,0.8553465428596282
2007-06-30,Nayarit,0.8371036691376673
2007-06-30,Nuevo León,0.0992934599593022
2007-06-30,Oaxaca,0.7557635557879738
2007-06-30,Puebla,0.91759427495719
2007-06-30,Querétaro,0.7446449334711807
2007-06-30,Quintana Roo,0.6088879029224435
2007-06-30,San Luis Potosí,0.5594259676149941
2007-06-30,Sinaloa,0.587092277460295
2007-06-30,Sonora,0.6621958900659689
2007-06-30,Tabasco,0.646327241982668
2007-06-30,Tamaulipas,0.3268895821615089
2007-06-30,Tlaxcala,0.8752724868772479
2007-06-30,Veracruz,0.8307941452797193
2007-06-30,Yucatán,0.5558829482817097
2007-06-30,Zacatecas,0.6229861935135118
2008-06-30,Aguascalientes,0.6329200976858534
2008-06-30,Baja California,0.0506755485983204
2008-06-30,Baja California Sur,0.4375398751136927
2008-06-30,Campeche,0.7040315305994966
2008-06-30,Coahuila,0.9685739353798264
2008-06-30,Colima,0.6753333020842394
2008-06-30,Chiapas,0.7905410396594996
2008-06-30,Chihuahua,0.8197312334776464
2008-06-30,Ciudad de México,1.0377007703687993
2008-06-30,Durango,0.5239021782800989
2008-06-30,Guanajuato,0.8185595774131438
2008-06-30,Guerrero,0.8779726455935816
2008-06-30,Hidalgo,0.9873098645344752
2008-06-30,Jalisco,0.7087213159208813
2008-06-30,Estado de México,1.0168277158800725
2008-06-30,Michoacán,0.9690553440548778
2008-06-30,Morelos,1.0350825153807703
2008-06-30,Nayarit,0.5377587566953724
2008-06-30,Nuevo León,0.8376899947269817
2008-06-30,Oaxaca,0.6370032836856769
2008-06-30,Puebla,1.0807286185060192
2008-06-30,Querétaro,0.9177586635158907
2008-06-30,Quintana Roo,0.6612308745031911
2008-06-30,San Luis Potosí,0.7844007392704687
2008-06-30,Sinaloa,0.4835149012628364
2008-06-30,Sonora,0.597541152484112
2008-06-30,Tabasco,0.7361919297647719
2008-06-30,Tamaulipas,0.8670360486813405
2008-06-30,Tlaxcala,1.0233199135856257
2008-06-30,Veracruz,0.9713437514633748
2008-06-30,Yucatán,0.6446879187774669
2008-06-30,Zacatecas,0.5971047525491524
2009-06-30,Aguascalientes,1.5024791019740509
2009-06-30,Baja California,0.2819704206219705
2009-06-30,Baja California Sur,0.9073773384417104
2009-06-30,Campeche,0.9224513036455796
2009-06-30,Coahuila,1.4204687714116
2009-06-30,Colima,1.3466638961676412
2009-06-30,Chiapas,0.9653899668605423
2009-06-30,Chihuahua,1.433276147582308
2009-06-30,Ciudad de México,1.5155127343671722
2009-06-30,Durango,1.4437007040427194
2009-06-30,Guanajuato,1.5226114558742974
2009-06-30,Guerrero,1.387195938833932
2009-06-30,Hidalgo,1.5281323218014515
2009-06-30,Jalisco,1.4904679163324908
2009-06-30,Estado de México,1.5313617170944018
2009-06-30,Michoacán,1.5021000972978304
2009-06-30,Morelos,1.4833843806387093
2009-06-30,Nayarit,1.517924064867424
2009-06-30,Nuevo León,1.3810924567206866
2009-06-30,Oaxaca,1.1820381480094873
2009-06-30,Puebla,1.5192797472687884
2009-06-30,Querétaro,1.539529173771577
2009-06-30,Quintana Roo,0.8762724232292514
2009-06-30,San Luis Potosí,1.4562253922354085
2009-06-30,Sinaloa,1.2760519505202488
2009-06-30,Sonora,1.1464309519918745
2009-06-30,Tabasco,0.8533594651863533
2009-06-30,Tamaulipas,1.404729816402876
2009-06-30,Tlaxcala,1.5410775397422531
2009-06-30,Veracruz,1.336802162828062
2009-06-30,Yucatán,0.8743996187585811
2009-06-30,Zacatecas,1.469631220370718
2010-06-30,Aguascalientes,0.4834438768437402
2010-06-30,Baja California,-0.338506208418784
2010-06-30,Baja California Sur,0.3388705837969385
2010-06-30,Campeche,-0.0757774616888091
2010-06-30,Coahuila,0.3670735173816764
2010-06-30,Colima,0.6018097074932288
2010-06-30,Chiapas,0.1374540800666016
2010-06-30,Chihuahua,0.8052051732544112
2010-06-30,Ciudad de México,0.9572289121119432
2010-06-30,Durango,0.5389075647029383
2010-06-30,Guanajuato,0.5546207747292865
2010-06-30,Guerrero,0.8326255397522061
2010-06-30,Hidalgo,0.6743602312672486
2010-06-30,Jalisco,0.6750510904950205
2010-06-30,Estado de México,0.8830336639663204
2010-06-30,Michoacán,0.8146432671031941
2010-06-30,Morelos,0.950476328289746
2010-06-30,Nayarit,0.6441561658454658
2010-06-30,Nuevo León,0.0532132441775659
2010-06-30,Oaxaca,0.5536706516174231
2010-06-30,Puebla,0.8836320049870813
2010-06-30,Querétaro,0.6110482708772507
2010-06-30,Quintana Roo,-0.1774915111792569
2010-06-30,San Luis Potosí,0.2991452216930655
2010-06-30,Sinaloa,0.5320727832413262
2010-06-30,Sonora,0.5140273303960525
2010-06-30,Tabasco,-0.1479550186998905
2010-06-30,Tamaulipas,0.1805561460064391
2010-06-30,Tlaxcala,0.7939621805110072
2010-06-30,Veracruz,0.5586178200557455
2010-06-30,Yucatán,-0.3133404655960542
2010-06-30,Zacatecas,0.356339773073754
2011-06-30,Aguascalientes,2.120802246220104
2011-06-30,Baja California,-0.1316063592396736
2011-06-30,Baja California Sur,0.9460921920760584
2011-06-30,Campeche,1.0737595969015297
2011-06-30,Coahuila,2.430259035994913
2011-06-30,Colima,1.6406916224987391
2011-06-30,Chiapas,0.8789264318503766
2011-06-30,Chihuahua,2.1140010424711004
2011-06-30,Ciudad de México,2.132850895030621
2011-06-30,Durango,2.1571192311555483
2011-06-30,Guanajuato,2.013005331445245
2011-06-30,Guerrero,1.8282330593136216
2011-06-30,Hidalgo,2.014800751303764
2011-06-30,Jalisco,1.9607796694380712
2011-06-30,Estado de México,2.09618884648187
2011-06-30,Michoacán,1.9895990097410583
2011-06-30,Morelos,2.09803945466206
2011-06-30,Nayarit,1.992841366854584
2011-06-30,Nuevo León,2.0466270940831173
2011-06-30,Oaxaca,1.4489350371403384
2011-06-30,Puebla,2.105888319990504
2011-06-30,Querétaro,2.0195348353227094
2011-06-30,Quintana Roo,1.0568515769156943
2011-06-30,San Luis Potosí,2.04910454138386
2011-06-30,Sinaloa,1.682972910323331
2011-06-30,Sonora,1.082477887974134
2011-06-30,Tabasco,0.8907543221141203
2011-06-30,Tamaulipas,1.918784362532996
2011-06-30,Tlaxcala,2.0397359499641405
2011-06-30,Veracruz,1.783975519818769
2011-06-30,Yucatán,1.1596115324425198
2011-06-30,Zacatecas,2.1447608611201625
2012-06-30,Aguascalientes,1.3047180441573325
2012-06-30,Baja California,0.5410651202127963
2012-06-30,Baja California Sur,0.9134305200069218
2012-06-30,Campeche,1.1096823125611224
2012-06-30,Coahuila,1.8029162351511607
2012-06-30,Colima,1.1857626875136231
2012-06-30,Chiapas,1.1687987990790605
2012-06-30,Chihuahua,1.9080380132922048
2012-06-30,Ciudad de México,1.4328973116663428
2012-06-30,Durango,1.4141362612668236
2012-06-30,Guanajuato,1.289624921282394
2012-06-30,Guerrero,1.2520895899608435
2012-06-30,Hidalgo,1.3709894061972088
2012-06-30,Jalisco,1.3362566068384472
2012-06-30,Estado de México,1.394244384318618
2012-06-30,Michoacán,1.3790716405014412
2012-06-30,Morelos,1.4287395785777957
2012-06-30,Nayarit,1.3101147091027463
2012-06-30,Nuevo León,1.5307823157507343
2012-06-30,Oaxaca,1.6314157609374924
2012-06-30,Puebla,1.5303668662116006
2012-06-30,Querétaro,1.3214671473390744
2012-06-30,Quintana Roo,0.9915951976127018
2012-06-30,San Luis Potosí,1.3315241478343662
2012-06-30,Sinaloa,1.2021058984780697
2012-06-30,Sonora,1.516141260489946
2012-06-30,Tabasco,1.1433196566899202
2012-06-30,Tamaulipas,1.5298032650759337
2012-06-30,Tlaxcala,1.4291096547384912
2012-06-30,Veracruz,1.491303700594127
2012-06-30,Yucatán,1.1470880996793942
2012-06-30,Zacatecas,1.3405011096287236
2013-06-30,Aguascalientes,0.6506762573472334
2013-06-30,Baja California,0.2741690911245901
2013-06-30,Baja California Sur,0.6673423627441524
2013-06-30,Campeche,0.4899527179340555
2013-06-30,Coahuila,0.6319305976399466
2013-06-30,Colima,0.9153789410062818
2013-06-30,Chiapas,0.5961620622295606
2013-06-30,Chihuahua,0.7797028904416295
2013-06-30,Ciudad de México,0.9533144424993673
2013-06-30,Durango,0.5151354509364173
2013-06-30,Guanajuato,0.7483801055413791
2013-06-30,Guerrero,0.9482618246785132
2013-06-30,Hidalgo,0.7991015036568356
2013-06-30,Jalisco,0.8621191959324296
2013-06-30,Estado de México,0.942262387810404
2013-06-30,Michoacán,0.9915216748749982
2013-06-30,Morelos,0.95387735331203
2013-06-30,Nayarit,0.7600948033188336
2013-06-30,Nuevo León,0.3399606971042493
2013-06-30,Oaxaca,1.379132785306599
2013-06-30,Puebla,0.9052996123215152
2013-06-30,Querétaro,0.7677138522268034
2013-06-30,Quintana Roo,0.5099166663163236
2013-06-30,San Luis Potosí,0.479716595607359
2013-06-30,Sinaloa,0.5405443972896318
2013-06-30,Sonora,0.7864700184188356
2013-06-30,Tabasco,0.4439061336649454
2013-06-30,Tamaulipas,0.4116223961970277
2013-06-30,Tlaxcala,0.8771752311056564
2013-06-30,Veracruz,0.8013027658771914
2013-06-30,Yucatán,0.5131075284136405
2013-06-30,Zacatecas,0.4874840375593279
2014-06-30,Aguascalientes,0.752845770489077
2014-06-30,Baja California,1.5634870049716283
2014-06-30,Baja California Sur,1.5234472558764711
2014-06-30,Campeche,0.8360710662520247
2014-06-30,Coahuila,0.7153682786466108
2014-06-30,Colima,1.0491347087508138
2014-06-30,Chiapas,1.3765524268025968
2014-06-30,Chihuahua,1.5555295908526217
2014-06-30,Ciudad de México,0.7363825379142879
2014-06-30,Durango,1.310152124765775
2014-06-30,Guanajuato,0.5414702441754673
2014-06-30,Guerrero,0.7287436927341633
2014-06-30,Hidalgo,0.466841548357311
2014-06-30,Jalisco,1.0676634484163234
2014-06-30,Estado de México,0.6955598582731491
2014-06-30,Michoacán,0.8646551344325362
2014-06-30,Morelos,0.7085285413813355
2014-06-30,Nayarit,1.3685952666311538
2014-06-30,Nuevo León,0.031357065728495
2014-06-30,Oaxaca,1.4149037375329871
2014-06-30,Puebla,0.6552932512485057
2014-06-30,Querétaro,0.4760611716054203
2014-06-30,Quintana Roo,0.7490069576198607
2014-06-30,San Luis Potosí,0.2120780828008298
2014-06-30,Sinaloa,1.5832232226850156
2014-06-30,Sonora,1.6881127622797218
2014-06-30,Tabasco,1.168180903965285
2014-06-30,Tamaulipas,-0.0300146411532084
2014-06-30,Tlaxcala,0.597126656018867
2014-06-30,Veracruz,0.6522238953102283
2014-06-30,Yucatán,0.6668036429981141
2014-06-30,Zacatecas,0.6513297754851994
2015-06-30,Aguascalientes,0.542828234168793
2015-06-30,Baja California,1.2158057026643014
2015-06-30,Baja California Sur,0.9597700271936952
2015-06-30,Campeche,1.417865952335383
2015-06-30,Coahuila,0.4310035849443622
2015-06-30,Colima,1.090852364794313
2015-06-30,Chiapas,1.5612475380864554
2015-06-30,Chihuahua,1.3112978717362789
2015-06-30,Ciudad de México,0.7712458519736658
2015-06-30,Durango,0.9501817058391516
2015-06-30,Guanajuato,0.4481970764309532
2015-06-30,Guerrero,0.9178059288473512
2015-06-30,Hidalgo,0.5564322871743222
2015-06-30,Jalisco,0.9751986943327184
2015-06-30,Estado de México,0.7303744840873291
2015-06-30,Michoacán,0.8727884925599122
2015-06-30,Morelos,0.796394038457359
2015-06-30,Nayarit,1.1179234175248578
2015-06-30,Nuevo León,-0.1139783983353101
2015-06-30,Oaxaca,1.6687604020987203
2015-06-30,Puebla,0.7255791564214857
2015-06-30,Querétaro,0.4809604832682154
2015-06-30,Quintana Roo,1.3971897113550706
2015-06-30,San Luis Potosí,0.1431502398824166
2015-06-30,Sinaloa,1.1770190138394996
2015-06-30,Sonora,1.3434835728537602
2015-06-30,Tabasco,1.4296604135366917
2015-06-30,Tamaulipas,-0.0008074543943417
2015-06-30,Tlaxcala,0.6400192496381074
2015-06-30,Veracruz,0.7956575733642186
2015-06-30,Yucatán,1.361802847824817
2015-06-30,Zacatecas,0.4325777816032995
2016-06-30,Aguascalientes,0.6881844594469713
2016-06-30,Baja California,1.0795647960338013
2016-06-30,Baja California Sur,1.5200825906527693
2016-06-30,Campeche,1.164543326682376
2016-06-30,Coahuila,1.5954775262236636
2016-06-30,Colima,1.163457807624474
2016-06-30,Chiapas,1.539823482751233
2016-06-30,Chihuahua,2.2000322702664885
2016-06-30,Ciudad de México,1.5703798501700488
2016-06-30,Durango,0.4330545483884765
2016-06-30,Guanajuato,1.3658934846875042
2016-06-30,Guerrero,1.7299213167669905
2016-06-30,Hidalgo,1.5191706005183587
2016-06-30,Jalisco,1.0189341231205378
2016-06-30,Estado de México,1.6694936289067035
2016-06-30,Michoacán,1.5367383184381267
2016-06-30,Morelos,1.5606231521337428
2016-06-30,Nayarit,0.7342966530539775
2016-06-30,Nuevo León,1.8416184207659905
2016-06-30,Oaxaca,2.293744709503564
2016-06-30,Puebla,1.413586876065477
2016-06-30,Querétaro,1.6029813437344775
2016-06-30,Quintana Roo,1.0143162487870614
2016-06-30,San Luis Potosí,1.4332182200717722
2016-06-30,Sinaloa,1.301264726046408
2016-06-30,Sonora,2.269559900077957
2016-06-30,Tabasco,0.9302950198575142
2016-06-30,Tamaulipas,2.092174305478145
2016-06-30,Tlaxcala,1.3482710745037998
2016-06-30,Veracruz,1.4521193157872043
2016-06-30,Yucatán,1.0856232910676633
2016-06-30,Zacatecas,0.4083644555384549
2017-06-30,Aguascalientes,1.2279901736534695
2017-06-30,Baja California,0.979988764989286
2017-06-30,Baja California Sur,1.136496131407622
2017-06-30,Campeche,1.143914771269306
2017-06-30,Coahuila,2.0476526927333785
2017-06-30,Colima,0.9800442174693116
2017-06-30,Chiapas,1.383532171280859
2017-06-30,Chihuahua,2.136900207763262
2017-06-30,Ciudad de México,0.9736250361018288
2017-06-30,Durango,1.1319993281893732
2017-06-30,Guanajuato,1.0729034654536478
2017-06-30,Guerrero,0.9024341541073144
2017-06-30,Hidalgo,1.248306118508726
2017-06-30,Jalisco,1.256203508791231
2017-06-30,Estado de México,1.0000731639178897
2017-06-30,Michoacán,1.1704636568204283
2017-06-30,Morelos,0.9444660074132049
2017-06-30,Nayarit,1.1401892968380083
2017-06-30,Nuevo León,2.012357707861053
2017-06-30,Oaxaca,1.157516339237891
2017-06-30,Puebla,1.0837647972051396
2017-06-30,Querétaro,1.158655929859425
2017-06-30,Quintana Roo,0.8990587133508293
2017-06-30,San Luis Potosí,1.361869745504101
2017-06-30,Sinaloa,0.9088726700519598
2017-06-30,Sonora,1.922905722766226
2017-06-30,Tabasco,1.265787432946971
2017-06-30,Tamaulipas,1.8513549251504744
2017-06-30,Tlaxcala,1.079681203993365
2017-06-30,Veracruz,1.2569550379030496
2017-06-30,Yucatán,0.8865475143655802
2017-06-30,Zacatecas,1.2284937222749388
2018-06-30,Aguascalientes,0.9718176892721176
2018-06-30,Baja California,1.0954661226892493
2018-06-30,Baja California Sur,1.0018521363949415
2018-06-30,Campeche,0.5591932015243106
2018-06-30,Coahuila,0.964087642140169
2018-06-30,Colima,1.1372523547336282
2018-06-30,Chiapas,0.7284132546350572
2018-06-30,Chihuahua,1.389180482877601
2018-06-30,Ciudad de México,0.930545093393219
2018-06-30,Durango,1.089968429634422
2018-06-30,Guanajuato,0.911480587071068
2018-06-30,Guerrero,1.071248175797844
2018-06-30,Hidalgo,0.9201339901994764
2018-06-30,Jalisco,1.006217209147438
2018-06-30,Estado de México,0.974188965788524
2018-06-30,Michoacán,1.1133722795114824
2018-06-30,Morelos,0.9692347523859228
2018-06-30,Nayarit,1.0491441946318656
2018-06-30,Nuevo León,0.7880211693768
2018-06-30,Oaxaca,1.2629551794771117
2018-06-30,Puebla,0.967053178955874
2018-06-30,Querétaro,0.9121420355625978
2018-06-30,Quintana Roo,0.4357047888340163
2018-06-30,San Luis Potosí,0.8473479742988669
2018-06-30,Sinaloa,1.1551728761260691
2018-06-30,Sonora,1.370803481834159
2018-06-30,Tabasco,0.7204528517558637
2018-06-30,Tamaulipas,0.7985285045769026
2018-06-30,Tlaxcala,0.92761164790102
2018-06-30,Veracruz,0.938408631511723
2018-06-30,Yucatán,0.4177372095822807
2018-06-30,Zacatecas,0.9174585466118084
2019-06-30,Aguascalientes,1.7845150017559432
2019-06-30,Baja California,0.283365232964962
2019-06-30,Baja California Sur,0.562275382879871
2019-06-30,Campeche,1.3954854661775384
2019-06-30,Coahuila,2.124990338376021
2019-06-30,Colima,1.0884297977650033
2019-06-30,Chiapas,1.8603328023993453
2019-06-30,Chihuahua,1.7886738093723735
2019-06-30,Ciudad de México,1.8605457122816964
2019-06-30,Durango,2.071490421347108
2019-06-30,Guanajuato,1.8877319834900868
2019-06-30,Guerrero,0.8712669084873882
2019-06-30,Hidalgo,2.034454511495156
2019-06-30,Jalisco,1.4034241448610996
2019-06-30,Estado de México,1.6256578255713132
2019-06-30,Michoacán,1.1794123669668295
2019-06-30,Morelos,1.13278151427205
2019-06-30,Nayarit,1.21844663215406
2019-06-30,Nuevo León,1.6945458424640043
2019-06-30,Oaxaca,1.6783585457212524
2019-06-30,Puebla,1.567333586619699
2019-06-30,Querétaro,2.023138871359712
2019-06-30,Quintana Roo,1.3788762304811188
2019-06-30,San Luis Potosí,2.0359576568254623
2019-06-30,Sinaloa,0.7666643464033965
2019-06-30,Sonora,0.7560820266323547
2019-06-30,Tabasco,1.572423350758765
2019-06-30,Tamaulipas,1.6265860658503266
2019-06-30,Tlaxcala,1.9827630160553
2019-06-30,Veracruz,1.7259687751078476
2019-06-30,Yucatán,1.1975801297236894
2019-06-30,Zacatecas,1.9537419285497497
2020-06-30,Aguascalientes,1.4583241955010902
2020-06-30,Baja California,1.1830451268616071
2020-06-30,Baja California Sur,1.3234290368405202
2020-06-30,Campeche,1.0549741897251723
2020-06-30,Coahuila,1.753103730964616
2020-06-30,Colima,1.1943058089780938
2020-06-30,Chiapas,1.6304193634257744
2020-06-30,Chihuahua,2.1436269668855106
2020-06-30,Ciudad de México,1.819161966061336
2020-06-30,Durango,1.635117535986322
2020-06-30,Guanajuato,1.5762571557578011
2020-06-30,Guerrero,1.00241101064467
2020-06-30,Hidalgo,1.654670994008462
2020-06-30,Jalisco,1.4090974673674828
2020-06-30,Estado de México,1.5766721683570415
2020-06-30,Michoacán,1.429282423655024
2020-06-30,Morelos,1.2776948547794529
2020-06-30,Nayarit,1.3113349036014434
2020-06-30,Nuevo León,1.244503981799289
2020-06-30,Oaxaca,1.4433431279075075
2020-06-30,Puebla,1.5244231374199964
2020-06-30,Querétaro,1.5789461570823096
2020-06-30,Quintana Roo,1.2416902107445749
2020-06-30,San Luis Potosí,1.7085550348532392
2020-06-30,Sinaloa,1.0300896650212188
2020-06-30,Sonora,1.7757534555951109
2020-06-30,Tabasco,1.457303644851987
2020-06-30,Tamaulipas,1.7223208536787973
2020-06-30,Tlaxcala,1.8534709517461083
2020-06-30,Veracruz,1.7599328119198363
2020-06-30,Yucatán,0.9704384132758612
2020-06-30,Zacatecas,1.4657850862301978
2021-06-30,Aguascalientes,0.9759218582492336
2021-06-30,Baja California,0.6733522410208599
2021-06-30,Baja California Sur,0.906601734241994
2021-06-30,Campeche,1.088172948160936
2021-06-30,Coahuila,1.6572213124003707
2021-06-30,Colima,0.7582507175859234
2021-06-30,Chiapas,1.2865263058755536
2021-06-30,Chihuahua,1.7893141782222972
2021-06-30,Ciudad de México,1.3657306715234685
2021-06-30,Durango,1.3257091718616747
2021-06-30,Guanajuato,0.97091741170817
2021-06-30,Guerrero,0.3605487193810986
2021-06-30,Hidalgo,1.3954411957901824
2021-06-30,Jalisco,1.0062960945317931
2021-06-30,Estado de México,1.1473916878701764
2021-06-30,Michoacán,0.8338715751353349
2021-06-30,Morelos,0.739012627991914
2021-06-30,Nayarit,0.8777206235943423
2021-06-30,Nuevo León,1.2429221250558748
2021-06-30,Oaxaca,1.008621747680433
2021-06-30,Puebla,1.1397935716152745
2021-06-30,Querétaro,1.2164626606157452
2021-06-30,Quintana Roo,0.9533027133195986
2021-06-30,San Luis Potosí,1.3892968982629437
2021-06-30,Sinaloa,0.7122707778036061
2021-06-30,Sonora,1.3641674249159994
2021-06-30,Tabasco,1.2567407876567414
2021-06-30,Tamaulipas,1.3353254008979982
2021-06-30,Tlaxcala,1.439224459580159
2021-06-30,Veracruz,1.4741839174484588
2021-06-30,Yucatán,0.774306749143808
2021-06-30,Zacatecas,1.1522914413765128
2022-06-30,Aguascalientes,1.4292106691989226
2022-06-30,Baja California,0.3606316770353282
2022-06-30,Baja California Sur,0.6566934705100563
2022-06-30,Campeche,0.704083564188789
2022-06-30,Coahuila,1.1938740739792153
2022-06-30,Colima,0.801067160402367
2022-06-30,Chiapas,0.9618394495659052
2022-06-30,Chihuahua,1.224716505061073
2022-06-30,Ciudad de México,1.434586435143436
2022-06-30,Durango,1.2770994689320505
2022-06-30,Guanajuato,1.434345902243265
2022-06-30,Guerrero,0.6263617495382151
2022-06-30,Hidalgo,1.423901862519806
2022-06-30,Jalisco,1.2762618136404889
2022-06-30,Estado de México,1.336168593882522
2022-06-30,Michoacán,1.098399620576053
2022-06-30,Morelos,1.023553188656276
2022-06-30,Nayarit,0.9759812372381036
2022-06-30,Nuevo León,0.921259265514792
2022-06-30,Oaxaca,1.0719959175400082
2022-06-30,Puebla,1.277723165717134
2022-06-30,Querétaro,1.4700378294552836
2022-06-30,Quintana Roo,0.7942847989599428
2022-06-30,San Luis Potosí,1.4128542533769934
2022-06-30,Sinaloa,0.4433222678334118
2022-06-30,Sonora,0.7789934483569376
2022-06-30,Tabasco,0.5967022194683806
2022-06-30,Tamaulipas,1.034378936428195
2022-06-30,Tlaxcala,1.4014588145742872
2022-06-30,Veracruz,1.1570412365032976
2022-06-30,Yucatán,0.5989179756654899
2022-06-30,Zacatecas,1.3561956158393886
