date_year,nombre_estado,pdsi_mean
1990-06-30,Nacional,0.5051628571717052
1991-06-30,Nacional,0.5049221075732881
1992-06-30,Nacional,1.9607883914210893
1993-06-30,Nacional,0.0574106057613942
1994-06-30,Nacional,-1.6763301914454372
1995-06-30,Nacional,-1.4743506267782482
1996-06-30,Nacional,-1.5424534120133
1997-06-30,Nacional,-0.7036101257754395
1998-06-30,Nacional,-1.4307661684539732
1999-06-30,Nacional,-0.9015724126063028
2000-06-30,Nacional,-1.2039109561290633
2001-06-30,Nacional,-1.210540441922446
2002-06-30,Nacional,-1.7829612820578526
2003-06-30,Nacional,-0.4168833533068227
2004-06-30,Nacional,1.578952543471198
2005-06-30,Nacional,-0.0829023431153696
2006-06-30,Nacional,-0.9405727245558972
2007-06-30,Nacional,0.7242607538138462
2008-06-30,Nacional,-0.1528431633260931
2009-06-30,Nacional,-1.4807899383520868
2010-06-30,Nacional,0.3293027155202708
2011-06-30,Nacional,-2.443709037881118
2012-06-30,Nacional,-1.766560794137826
2013-06-30,Nacional,-0.4988979559468692
2014-06-30,Nacional,2.2325035967540443
2015-06-30,Nacional,2.12043335563669
2016-06-30,Nacional,-0.05813844843116
2017-06-30,Nacional,-1.875625832299304
2018-06-30,Nacional,-0.1906543466997207
2019-06-30,Nacional,-1.120517446060562
2020-06-30,Nacional,-1.5495037211268603
2021-06-30,Nacional,-1.7884192998835329
2022-06-30,Nacional,-1.4249360186357465
1990-06-30,Aguascalientes,3.319515221248752
1990-06-30,Baja California,-3.1749922705946254
1990-06-30,Baja California Sur,-0.1856083174100856
1990-06-30,Campeche,2.544098303512177
1990-06-30,Coahuila,1.590743255634275
1990-06-30,Colima,0.1356695956976853
1990-06-30,Chiapas,1.2000993973191696
1990-06-30,Chihuahua,0.8107315615475333
1990-06-30,Ciudad de México,1.827880395381324
1990-06-30,Durango,1.7966027052109752
1990-06-30,Guanajuato,0.2335218797935176
1990-06-30,Guerrero,3.1411276115234226
1990-06-30,Hidalgo,-0.4089073566909056
1990-06-30,Jalisco,1.0329364138467618
1990-06-30,Estado de México,2.2787681352016085
1990-06-30,Michoacán,-1.0341416201778435
1990-06-30,Morelos,3.1831291712863314
1990-06-30,Nayarit,1.365666887687912
1990-06-30,Nuevo León,-1.7323633293096734
1990-06-30,Oaxaca,-0.3849682062154412
1990-06-30,Puebla,-1.0191101880487403
1990-06-30,Querétaro,-0.1746986286962319
1990-06-30,Quintana Roo,2.322939431230493
1990-06-30,San Luis Potosí,-0.3977216162628241
1990-06-30,Sinaloa,2.0463964726951835
1990-06-30,Sonora,0.0532497016817965
1990-06-30,Tabasco,1.1955916620020322
1990-06-30,Tamaulipas,-3.071294495225354
1990-06-30,Tlaxcala,-1.558907803033301
1990-06-30,Veracruz,-0.57435018091474
1990-06-30,Yucatán,1.7519591960135237
1990-06-30,Zacatecas,2.510884479179263
1991-06-30,Aguascalientes,2.084912549443645
1991-06-30,Baja California,-0.4873905441514602
1991-06-30,Baja California Sur,1.2636931120781716
1991-06-30,Campeche,-0.4422139692670312
1991-06-30,Coahuila,1.3185387644033713
1991-06-30,Colima,-2.6832966347011284
1991-06-30,Chiapas,-1.4476084007492551
1991-06-30,Chihuahua,3.3685107490600763
1991-06-30,Ciudad de México,2.591689167683413
1991-06-30,Durango,2.2415652364345227
1991-06-30,Guanajuato,0.7157169544058523
1991-06-30,Guerrero,1.9462573092063031
1991-06-30,Hidalgo,0.3516309031384775
1991-06-30,Jalisco,-1.4564439533761246
1991-06-30,Estado de México,2.29842052464214
1991-06-30,Michoacán,-1.148629755102502
1991-06-30,Morelos,3.045717366138396
1991-06-30,Nayarit,-2.743152102846088
1991-06-30,Nuevo León,-1.582719595751768
1991-06-30,Oaxaca,-2.1901306735923054
1991-06-30,Puebla,-0.7742787738318567
1991-06-30,Querétaro,0.7692814193710087
1991-06-30,Quintana Roo,-1.8115834490968088
1991-06-30,San Luis Potosí,-0.4423398861500935
1991-06-30,Sinaloa,2.74602899130552
1991-06-30,Sonora,1.5607487743078865
1991-06-30,Tabasco,-1.8375298806392253
1991-06-30,Tamaulipas,-2.408523394187138
1991-06-30,Tlaxcala,-0.1572642524320542
1991-06-30,Veracruz,-0.9814418912107468
1991-06-30,Yucatán,-1.863986145761892
1991-06-30,Zacatecas,1.260650895274321
1992-06-30,Aguascalientes,0.60796704604266
1992-06-30,Baja California,2.414710372009441
1992-06-30,Baja California Sur,3.810117885739357
1992-06-30,Campeche,2.4367004873240634
1992-06-30,Coahuila,2.740971222649532
1992-06-30,Colima,-1.369183289660817
1992-06-30,Chiapas,-0.6437118873092621
1992-06-30,Chihuahua,3.2305126024284245
1992-06-30,Ciudad de México,3.945552402171412
1992-06-30,Durango,2.9183284650732566
1992-06-30,Guanajuato,1.6109315951119365
1992-06-30,Guerrero,3.2775983497631977
1992-06-30,Hidalgo,2.8912746686813384
1992-06-30,Jalisco,0.4258282965357097
1992-06-30,Estado de México,4.07702262869172
1992-06-30,Michoacán,0.7765318682309451
1992-06-30,Morelos,3.878855586534491
1992-06-30,Nayarit,3.704084770896217
1992-06-30,Nuevo León,0.8556724950727859
1992-06-30,Oaxaca,-0.0434867551062117
1992-06-30,Puebla,1.8835785006526904
1992-06-30,Querétaro,2.613590760482821
1992-06-30,Quintana Roo,-2.2110380019495137
1992-06-30,San Luis Potosí,1.898536211710941
1992-06-30,Sinaloa,4.064571387669579
1992-06-30,Sonora,2.3475328386169734
1992-06-30,Tabasco,-0.0944444498370883
1992-06-30,Tamaulipas,1.3641754201276892
1992-06-30,Tlaxcala,2.5451292255705567
1992-06-30,Veracruz,2.926764546463168
1992-06-30,Yucatán,-2.565700943605642
1992-06-30,Zacatecas,0.2692813819078826
1993-06-30,Aguascalientes,-1.5450458393405058
1993-06-30,Baja California,2.3027236744185515
1993-06-30,Baja California Sur,3.1936247746661306
1993-06-30,Campeche,1.2404398542965434
1993-06-30,Coahuila,-1.0620601628386837
1993-06-30,Colima,2.891132307143543
1993-06-30,Chiapas,-0.3519715416580639
1993-06-30,Chihuahua,-0.697486944263611
1993-06-30,Ciudad de México,0.1523457641504429
1993-06-30,Durango,-2.0441565329055416
1993-06-30,Guanajuato,-1.4344127588286093
1993-06-30,Guerrero,2.843647269322851
1993-06-30,Hidalgo,0.4861250196745051
1993-06-30,Jalisco,0.5963827484514597
1993-06-30,Estado de México,0.797237519461159
1993-06-30,Michoacán,1.4279898536024624
1993-06-30,Morelos,-0.3128166237309507
1993-06-30,Nayarit,1.9888201788699984
1993-06-30,Nuevo León,-1.0934737855584349
1993-06-30,Oaxaca,0.6150054734455225
1993-06-30,Puebla,-1.0140878163477265
1993-06-30,Querétaro,-0.4491558358731994
1993-06-30,Quintana Roo,-0.6212082883642609
1993-06-30,San Luis Potosí,-0.4171924012691321
1993-06-30,Sinaloa,-1.4274926584985046
1993-06-30,Sonora,1.6603559068084042
1993-06-30,Tabasco,-0.3392345762298737
1993-06-30,Tamaulipas,-0.8167399647907617
1993-06-30,Tlaxcala,-0.4652402849826421
1993-06-30,Veracruz,0.8776208163120843
1993-06-30,Yucatán,-1.731864490873731
1993-06-30,Zacatecas,-1.827281810400361
1994-06-30,Aguascalientes,-1.8771264463420951
1994-06-30,Baja California,-0.7647067683683252
1994-06-30,Baja California Sur,0.0923868115318281
1994-06-30,Campeche,0.0614403452415719
1994-06-30,Coahuila,-1.6108476345014973
1994-06-30,Colima,-0.8294707165493669
1994-06-30,Chiapas,-2.116905539378659
1994-06-30,Chihuahua,-2.345537982119101
1994-06-30,Ciudad de México,-2.664512581118597
1994-06-30,Durango,-1.515821320396038
1994-06-30,Guanajuato,-2.259823543026788
1994-06-30,Guerrero,-2.3365797230998404
1994-06-30,Hidalgo,-1.2434628797179452
1994-06-30,Jalisco,-2.8891365167161007
1994-06-30,Estado de México,-2.188282861304247
1994-06-30,Michoacán,-2.044014966584399
1994-06-30,Morelos,-3.5785093697689083
1994-06-30,Nayarit,-3.307846656568121
1994-06-30,Nuevo León,-1.102262484773468
1994-06-30,Oaxaca,-1.6733851224752316
1994-06-30,Puebla,-3.186468627187918
1994-06-30,Querétaro,-1.0875182769639764
1994-06-30,Quintana Roo,-0.4256705092331513
1994-06-30,San Luis Potosí,-0.4847788107271732
1994-06-30,Sinaloa,-1.8947135990656323
1994-06-30,Sonora,-2.0340317261731014
1994-06-30,Tabasco,-1.7401779626376086
1994-06-30,Tamaulipas,-0.9056110525998838
1994-06-30,Tlaxcala,-3.369868860465422
1994-06-30,Veracruz,-2.5142889744698795
1994-06-30,Yucatán,-1.357456035199671
1994-06-30,Zacatecas,-0.8738483859035026
1995-06-30,Aguascalientes,-2.2116484487634467
1995-06-30,Baja California,1.3318408550460523
1995-06-30,Baja California Sur,0.1788575529556254
1995-06-30,Campeche,-0.7558949142515593
1995-06-30,Coahuila,-2.043281117220739
1995-06-30,Colima,-2.32314601025275
1995-06-30,Chiapas,0.4437426618384837
1995-06-30,Chihuahua,-2.9059508580306
1995-06-30,Ciudad de México,-0.640917988435627
1995-06-30,Durango,-3.0643692996950467
1995-06-30,Guanajuato,-1.4970798999361137
1995-06-30,Guerrero,-0.4236069846111167
1995-06-30,Hidalgo,-1.793514458400226
1995-06-30,Jalisco,-2.908172179976677
1995-06-30,Estado de México,-0.1590673527389718
1995-06-30,Michoacán,-0.4821386268609627
1995-06-30,Morelos,0.2019414280745233
1995-06-30,Nayarit,-3.2571710667465643
1995-06-30,Nuevo León,-1.6266872918777884
1995-06-30,Oaxaca,-0.4770711692464632
1995-06-30,Puebla,-2.3120286406348383
1995-06-30,Querétaro,-1.826949005760014
1995-06-30,Quintana Roo,-1.4355770531274787
1995-06-30,San Luis Potosí,-1.4968460595376247
1995-06-30,Sinaloa,-2.459068340640325
1995-06-30,Sonora,-0.6425359803533033
1995-06-30,Tabasco,0.8153025623686218
1995-06-30,Tamaulipas,-1.5633247112022497
1995-06-30,Tlaxcala,-2.6050287424596403
1995-06-30,Veracruz,-0.97981180387094
1995-06-30,Yucatán,-1.3240083675423484
1995-06-30,Zacatecas,-2.4128623639122275
1996-06-30,Aguascalientes,-2.2044094372666443
1996-06-30,Baja California,-3.3032100288291297
1996-06-30,Baja California Sur,-1.1209186292631454
1996-06-30,Campeche,0.7396020194581608
1996-06-30,Coahuila,-1.885811884248992
1996-06-30,Colima,-0.3330086476153893
1996-06-30,Chiapas,3.461761020601007
1996-06-30,Chihuahua,-2.222343756837209
1996-06-30,Ciudad de México,-1.9888077997630544
1996-06-30,Durango,-2.594453497284768
1996-06-30,Guanajuato,-2.203403999822347
1996-06-30,Guerrero,2.4106901235980414
1996-06-30,Hidalgo,-3.3161658545031
1996-06-30,Jalisco,-2.192153142648376
1996-06-30,Estado de México,-1.6888189350286698
1996-06-30,Michoacán,-0.1950725248222161
1996-06-30,Morelos,-0.950631358833888
1996-06-30,Nayarit,-3.8511260385224273
1996-06-30,Nuevo León,-2.6410473719416028
1996-06-30,Oaxaca,1.6039887650178053
1996-06-30,Puebla,-2.7807655493538284
1996-06-30,Querétaro,-3.2109520524801165
1996-06-30,Quintana Roo,-0.1625037206469786
1996-06-30,San Luis Potosí,-2.259314466505596
1996-06-30,Sinaloa,-1.962258429535385
1996-06-30,Sonora,-3.4195950783264824
1996-06-30,Tabasco,3.66140779010536
1996-06-30,Tamaulipas,-2.5069074032610708
1996-06-30,Tlaxcala,-2.5713465066856727
1996-06-30,Veracruz,-0.865947229605936
1996-06-30,Yucatán,-1.1379170849609528
1996-06-30,Zacatecas,-2.2365809331606394
1997-06-30,Aguascalientes,-0.8429504107981222
1997-06-30,Baja California,-2.2726627892413567
1997-06-30,Baja California Sur,0.3916165777459898
1997-06-30,Campeche,-0.6920071845384277
1997-06-30,Coahuila,0.7305610521108735
1997-06-30,Colima,-0.5905330104768299
1997-06-30,Chiapas,0.6446676984011943
1997-06-30,Chihuahua,-0.7221179395556936
1997-06-30,Ciudad de México,-0.5097414372358673
1997-06-30,Durango,0.5926001597814299
1997-06-30,Guanajuato,-0.8758769575488615
1997-06-30,Guerrero,0.2049207202823899
1997-06-30,Hidalgo,-1.6406223407939051
1997-06-30,Jalisco,-0.5616607148452529
1997-06-30,Estado de México,-0.5351625671247567
1997-06-30,Michoacán,-0.8249847133470843
1997-06-30,Morelos,-1.1418891579164767
1997-06-30,Nayarit,-0.4656875864664698
1997-06-30,Nuevo León,-0.5939976216291984
1997-06-30,Oaxaca,-0.6338945643655476
1997-06-30,Puebla,-1.5839117244984544
1997-06-30,Querétaro,-1.5340987784028592
1997-06-30,Quintana Roo,-2.0991181511117247
1997-06-30,San Luis Potosí,-0.5690799707871207
1997-06-30,Sinaloa,-0.2178311111793884
1997-06-30,Sonora,-3.1346327579094537
1997-06-30,Tabasco,0.4443495905365573
1997-06-30,Tamaulipas,-1.0255656212482889
1997-06-30,Tlaxcala,-1.4289101624889435
1997-06-30,Veracruz,-0.9746148689681698
1997-06-30,Yucatán,-2.1029646760828453
1997-06-30,Zacatecas,0.6918769003786576
1998-06-30,Aguascalientes,-1.878803717977156
1998-06-30,Baja California,1.3617492901768835
1998-06-30,Baja California Sur,1.079982927992272
1998-06-30,Campeche,0.2247458348440235
1998-06-30,Coahuila,-2.2855535126292623
1998-06-30,Colima,-0.0619384423317006
1998-06-30,Chiapas,0.3338974119530398
1998-06-30,Chihuahua,-2.5580082945885865
1998-06-30,Ciudad de México,-1.260474068572843
1998-06-30,Durango,-2.93514975006752
1998-06-30,Guanajuato,-1.8501375344620816
1998-06-30,Guerrero,0.7622395433246868
1998-06-30,Hidalgo,-2.269298492145937
1998-06-30,Jalisco,-0.9850693559699226
1998-06-30,Estado de México,-0.9933932406285232
1998-06-30,Michoacán,-1.1000907123778634
1998-06-30,Morelos,-1.283818303115287
1998-06-30,Nayarit,0.8700291188557918
1998-06-30,Nuevo León,-2.684389626626105
1998-06-30,Oaxaca,-0.3486231060833741
1998-06-30,Puebla,-1.2418893369911426
1998-06-30,Querétaro,-1.9768379957213915
1998-06-30,Quintana Roo,-0.810804698765733
1998-06-30,San Luis Potosí,-2.1470475015800727
1998-06-30,Sinaloa,-1.5294670570853806
1998-06-30,Sonora,-1.9499457983856008
1998-06-30,Tabasco,-0.6158061598012932
1998-06-30,Tamaulipas,-2.924698081269531
1998-06-30,Tlaxcala,-2.625082250953681
1998-06-30,Veracruz,-0.9000310152722057
1998-06-30,Yucatán,-1.6344295724949576
1998-06-30,Zacatecas,-2.266242316509924
1999-06-30,Aguascalientes,-2.085026235166907
1999-06-30,Baja California,-3.16894341358168
1999-06-30,Baja California Sur,-2.832029240209887
1999-06-30,Campeche,1.7530440484436696
1999-06-30,Coahuila,-1.6465348211670598
1999-06-30,Colima,1.1273927736849072
1999-06-30,Chiapas,3.376602222602852
1999-06-30,Chihuahua,-2.2905753846172314
1999-06-30,Ciudad de México,0.650284246635899
1999-06-30,Durango,-2.745085164449529
1999-06-30,Guanajuato,-0.8817293453826782
1999-06-30,Guerrero,1.5238807333240336
1999-06-30,Hidalgo,-0.0193614505619033
1999-06-30,Jalisco,-0.3770143740403917
1999-06-30,Estado de México,-0.0397808124192316
1999-06-30,Michoacán,0.3312738276363409
1999-06-30,Morelos,1.1500165220983056
1999-06-30,Nayarit,0.7916921349727741
1999-06-30,Nuevo León,-2.3269478457259773
1999-06-30,Oaxaca,3.976485200730689
1999-06-30,Puebla,0.8928949763715053
1999-06-30,Querétaro,0.4847217280486222
1999-06-30,Quintana Roo,1.3552761446770103
1999-06-30,San Luis Potosí,-0.9708896304845488
1999-06-30,Sinaloa,-2.36794925870316
1999-06-30,Sonora,-2.38638692562697
1999-06-30,Tabasco,0.8750934383388936
1999-06-30,Tamaulipas,-1.6116887869533618
1999-06-30,Tlaxcala,1.0990537922887045
1999-06-30,Veracruz,0.5576239006936087
1999-06-30,Yucatán,0.3633796819969452
1999-06-30,Zacatecas,-1.9140514689658048
2000-06-30,Aguascalientes,-3.397190711526373
2000-06-30,Baja California,-3.156291125459584
2000-06-30,Baja California Sur,-2.339889096924926
2000-06-30,Campeche,1.257277913210887
2000-06-30,Coahuila,-1.893309103477696
2000-06-30,Colima,-1.469285702853118
2000-06-30,Chiapas,3.091294992445896
2000-06-30,Chihuahua,-1.817119710220253
2000-06-30,Ciudad de México,-0.4845899421781339
2000-06-30,Durango,-1.7690107706845144
2000-06-30,Guanajuato,-3.178963617946588
2000-06-30,Guerrero,0.1776722412133419
2000-06-30,Hidalgo,-1.6945308685113494
2000-06-30,Jalisco,-1.9219874116727047
2000-06-30,Estado de México,-1.0355138631966163
2000-06-30,Michoacán,-2.270289589884035
2000-06-30,Morelos,-0.6399890215004673
2000-06-30,Nayarit,0.4706910035104465
2000-06-30,Nuevo León,-2.8741143068787305
2000-06-30,Oaxaca,3.113546827047413
2000-06-30,Puebla,-0.7337825465264302
2000-06-30,Querétaro,-2.313132544072825
2000-06-30,Quintana Roo,0.5537739897647678
2000-06-30,San Luis Potosí,-2.2945571754400422
2000-06-30,Sinaloa,-3.0109010677292725
2000-06-30,Sonora,-1.367724620822479
2000-06-30,Tabasco,1.7757354029221657
2000-06-30,Tamaulipas,-2.7691748451587896
2000-06-30,Tlaxcala,-0.4836698445069229
2000-06-30,Veracruz,0.1811255743347002
2000-06-30,Yucatán,0.2228814446310894
2000-06-30,Zacatecas,-2.068179719035995
2001-06-30,Aguascalientes,-2.236973575376142
2001-06-30,Baja California,-1.3220199143718043
2001-06-30,Baja California Sur,-0.99533200835979
2001-06-30,Campeche,-0.5234853487708248
2001-06-30,Coahuila,-0.9159231343918236
2001-06-30,Colima,-2.7769493375954024
2001-06-30,Chiapas,0.3353557480313221
2001-06-30,Chihuahua,-1.724315791450344
2001-06-30,Ciudad de México,0.1504582427103779
2001-06-30,Durango,-1.4683192760458377
2001-06-30,Guanajuato,-1.2591830927393026
2001-06-30,Guerrero,-0.9931160205146004
2001-06-30,Hidalgo,-1.3856953253376147
2001-06-30,Jalisco,-2.534342596240834
2001-06-30,Estado de México,0.1018590427354065
2001-06-30,Michoacán,-2.285193817267924
2001-06-30,Morelos,-0.6336044533576816
2001-06-30,Nayarit,-1.42374270583644
2001-06-30,Nuevo León,-1.294643525878611
2001-06-30,Oaxaca,-0.3621088872898139
2001-06-30,Puebla,-0.9930762630970634
2001-06-30,Querétaro,-1.6393662643161155
2001-06-30,Quintana Roo,-1.015762328734626
2001-06-30,San Luis Potosí,-0.8473204084307273
2001-06-30,Sinaloa,-2.328819902894036
2001-06-30,Sonora,-0.7962218932164528
2001-06-30,Tabasco,-0.2630025485634543
2001-06-30,Tamaulipas,-1.5570949055833905
2001-06-30,Tlaxcala,-0.6135301581330271
2001-06-30,Veracruz,-0.7726267647621637
2001-06-30,Yucatán,-1.6775446075654137
2001-06-30,Zacatecas,-1.5028589021575256
2002-06-30,Aguascalientes,0.5881997315256368
2002-06-30,Baja California,-3.883282792308008
2002-06-30,Baja California Sur,-2.48388572445402
2002-06-30,Campeche,-0.4425254172209772
2002-06-30,Coahuila,-0.5534350237795985
2002-06-30,Colima,-3.098408296863353
2002-06-30,Chiapas,-0.0568776699196137
2002-06-30,Chihuahua,-3.028820763946752
2002-06-30,Ciudad de México,-1.3155664155747702
2002-06-30,Durango,-1.7256092863411614
2002-06-30,Guanajuato,0.7000971450704269
2002-06-30,Guerrero,-1.0615312580279228
2002-06-30,Hidalgo,-2.245446359429602
2002-06-30,Jalisco,-1.9968933283932035
2002-06-30,Estado de México,-1.0037284332556078
2002-06-30,Michoacán,-0.4325494303005709
2002-06-30,Morelos,-0.871713977477772
2002-06-30,Nayarit,-3.1765860979484795
2002-06-30,Nuevo León,0.0136888979965935
2002-06-30,Oaxaca,-1.9521372785075688
2002-06-30,Puebla,-1.3923946432825896
2002-06-30,Querétaro,-1.0052699194851349
2002-06-30,Quintana Roo,-1.2511530387085448
2002-06-30,San Luis Potosí,0.1848438506042326
2002-06-30,Sinaloa,-5.028417504009725
2002-06-30,Sonora,-3.465479759297051
2002-06-30,Tabasco,0.089375494100987
2002-06-30,Tamaulipas,-0.4112244082785272
2002-06-30,Tlaxcala,-1.449254593513642
2002-06-30,Veracruz,-2.4686719617367103
2002-06-30,Yucatán,-1.5107112941114142
2002-06-30,Zacatecas,-0.3705404956986795
2003-06-30,Aguascalientes,1.0507449585967243
2003-06-30,Baja California,-1.7823514551373938
2003-06-30,Baja California Sur,-0.034167862209682
2003-06-30,Campeche,-0.935846177141802
2003-06-30,Coahuila,1.428142152946612
2003-06-30,Colima,-0.7620351392261497
2003-06-30,Chiapas,-1.0001841384449364
2003-06-30,Chihuahua,-1.999079587080428
2003-06-30,Ciudad de México,0.3347529308789986
2003-06-30,Durango,0.1863110557306445
2003-06-30,Guanajuato,0.6539319102670534
2003-06-30,Guerrero,1.2181757629170664
2003-06-30,Hidalgo,-2.721086709478395
2003-06-30,Jalisco,-0.250648868537249
2003-06-30,Estado de México,0.1976037967865172
2003-06-30,Michoacán,2.325790787886984
2003-06-30,Morelos,1.830700952738103
2003-06-30,Nayarit,-2.254633726640176
2003-06-30,Nuevo León,2.823998763373177
2003-06-30,Oaxaca,-1.011198344670928
2003-06-30,Puebla,-0.9036141496479057
2003-06-30,Querétaro,-1.4022181811875374
2003-06-30,Quintana Roo,-1.1749241966976014
2003-06-30,San Luis Potosí,0.4230914350457318
2003-06-30,Sinaloa,-3.72848475305393
2003-06-30,Sonora,-1.2330069591163375
2003-06-30,Tabasco,-1.6523030471672997
2003-06-30,Tamaulipas,1.7457916312716522
2003-06-30,Tlaxcala,-1.3968127384205171
2003-06-30,Veracruz,-2.6838774759397928
2003-06-30,Yucatán,0.7487274394425847
2003-06-30,Zacatecas,1.3064125154643262
2004-06-30,Aguascalientes,4.581642083471957
2004-06-30,Baja California,-0.8378890164455586
2004-06-30,Baja California Sur,0.6145795691055052
2004-06-30,Campeche,-0.4570657617101435
2004-06-30,Coahuila,3.643393357359198
2004-06-30,Colima,0.6650312452840528
2004-06-30,Chiapas,0.9656269498281992
2004-06-30,Chihuahua,1.10911335597045
2004-06-30,Ciudad de México,2.166000256396655
2004-06-30,Durango,2.9242691234476568
2004-06-30,Guanajuato,4.080069141958164
2004-06-30,Guerrero,2.4966390914771344
2004-06-30,Hidalgo,0.9447680234205302
2004-06-30,Jalisco,2.2972096566177425
2004-06-30,Estado de México,2.794950009331909
2004-06-30,Michoacán,3.891299312528882
2004-06-30,Morelos,2.730352018522143
2004-06-30,Nayarit,-0.0487215469822739
2004-06-30,Nuevo León,4.341667557423821
2004-06-30,Oaxaca,0.1980696190212857
2004-06-30,Puebla,0.2064978881237605
2004-06-30,Querétaro,2.138159525951388
2004-06-30,Quintana Roo,-0.4257397060598804
2004-06-30,San Luis Potosí,3.4783052756516373
2004-06-30,Sinaloa,0.5002826183078242
2004-06-30,Sonora,-0.2250685558376254
2004-06-30,Tabasco,0.4125820086303874
2004-06-30,Tamaulipas,2.47882904300832
2004-06-30,Tlaxcala,-0.4373036041922409
2004-06-30,Veracruz,-0.11413498308107
2004-06-30,Yucatán,1.180367217655497
2004-06-30,Zacatecas,4.210536655661463
2005-06-30,Aguascalientes,-0.3843676065579833
2005-06-30,Baja California,1.743736600766793
2005-06-30,Baja California Sur,-0.2179163183997877
2005-06-30,Campeche,-0.2028422660404768
2005-06-30,Coahuila,1.4534282616826009
2005-06-30,Colima,-3.527821576051908
2005-06-30,Chiapas,0.3169271018617334
2005-06-30,Chihuahua,1.0354881571861942
2005-06-30,Ciudad de México,-1.6520410057821868
2005-06-30,Durango,-0.0176722497546573
2005-06-30,Guanajuato,0.1391993202385954
2005-06-30,Guerrero,-0.7976595013081433
2005-06-30,Hidalgo,-0.8064218465703407
2005-06-30,Jalisco,-2.4878383296298985
2005-06-30,Estado de México,-1.2143027116866176
2005-06-30,Michoacán,-0.979526301968874
2005-06-30,Morelos,-1.104528019630862
2005-06-30,Nayarit,-3.000424314556697
2005-06-30,Nuevo León,1.271717269546852
2005-06-30,Oaxaca,-0.5246964430976357
2005-06-30,Puebla,-2.3863117072271804
2005-06-30,Querétaro,-0.1163168924573817
2005-06-30,Quintana Roo,-1.379490930510086
2005-06-30,San Luis Potosí,1.00406226444209
2005-06-30,Sinaloa,-0.7028143832426301
2005-06-30,Sonora,-0.4406371112704303
2005-06-30,Tabasco,-1.4338535859463415
2005-06-30,Tamaulipas,0.3512857025255055
2005-06-30,Tlaxcala,-2.9953282283293072
2005-06-30,Veracruz,-2.2895764017712046
2005-06-30,Yucatán,0.4313905990636834
2005-06-30,Zacatecas,-0.1941537162542964
2006-06-30,Aguascalientes,-1.231000609958966
2006-06-30,Baja California,-2.739824099849785
2006-06-30,Baja California Sur,-1.180967604076351
2006-06-30,Campeche,3.2991506404152102
2006-06-30,Coahuila,-2.335921900591309
2006-06-30,Colima,-3.13598632432902
2006-06-30,Chiapas,1.3148693267410616
2006-06-30,Chihuahua,-0.4822404870066739
2006-06-30,Ciudad de México,-0.5675945573179141
2006-06-30,Durango,-1.9181081615111792
2006-06-30,Guanajuato,-1.0602185160891378
2006-06-30,Guerrero,-0.613053262861542
2006-06-30,Hidalgo,-0.8528457959517742
2006-06-30,Jalisco,-3.438418353877205
2006-06-30,Estado de México,-0.6797917360653379
2006-06-30,Michoacán,-1.8092318749929577
2006-06-30,Morelos,-0.6473167623209202
2006-06-30,Nayarit,-4.15346257990056
2006-06-30,Nuevo León,-1.999852604790445
2006-06-30,Oaxaca,1.1513956685002602
2006-06-30,Puebla,-0.7450160433971679
2006-06-30,Querétaro,-0.7521708803823894
2006-06-30,Quintana Roo,3.7208287583489392
2006-06-30,San Luis Potosí,-0.9049618235009378
2006-06-30,Sinaloa,-1.9414255281205663
2006-06-30,Sonora,-1.4160407189674455
2006-06-30,Tabasco,1.044709339196216
2006-06-30,Tamaulipas,-1.584823269135413
2006-06-30,Tlaxcala,-1.1050008579838697
2006-06-30,Veracruz,-0.7086989671285678
2006-06-30,Yucatán,3.091546027281069
2006-06-30,Zacatecas,-1.4663130886434637
2007-06-30,Aguascalientes,1.3094947275516609
2007-06-30,Baja California,-3.965055782084313
2007-06-30,Baja California Sur,-0.9928670048493976
2007-06-30,Campeche,3.1992187860772794
2007-06-30,Coahuila,1.5401365943592258
2007-06-30,Colima,-0.220752973618142
2007-06-30,Chiapas,0.8827469757990701
2007-06-30,Chihuahua,0.8917551443287642
2007-06-30,Ciudad de México,2.410873737909571
2007-06-30,Durango,-0.0374842014386286
2007-06-30,Guanajuato,1.798495777006828
2007-06-30,Guerrero,1.2721635166831973
2007-06-30,Hidalgo,2.437357821009222
2007-06-30,Jalisco,-0.2974146119465784
2007-06-30,Estado de México,2.0243481604331874
2007-06-30,Michoacán,0.7832870552568983
2007-06-30,Morelos,2.50805035163808
2007-06-30,Nayarit,-0.6821523215553961
2007-06-30,Nuevo León,1.547606478452143
2007-06-30,Oaxaca,0.895242828061824
2007-06-30,Puebla,1.8631238304299853
2007-06-30,Querétaro,1.834991367812853
2007-06-30,Quintana Roo,3.8599742632728686
2007-06-30,San Luis Potosí,2.1280549337425687
2007-06-30,Sinaloa,0.3576299006053091
2007-06-30,Sonora,-0.8420780792828133
2007-06-30,Tabasco,0.1424009074740963
2007-06-30,Tamaulipas,2.085786682375012
2007-06-30,Tlaxcala,2.714602736968545
2007-06-30,Veracruz,1.1241771255407769
2007-06-30,Yucatán,3.100801412095249
2007-06-30,Zacatecas,0.8091718405126744
2008-06-30,Aguascalientes,-0.0850059147536134
2008-06-30,Baja California,-3.277915849610016
2008-06-30,Baja California Sur,-1.0299846000198205
2008-06-30,Campeche,0.3533207270030573
2008-06-30,Coahuila,-0.533561672212611
2008-06-30,Colima,0.5986033140808419
2008-06-30,Chiapas,0.9603293160101476
2008-06-30,Chihuahua,-0.1191410235344088
2008-06-30,Ciudad de México,0.7111323448800242
2008-06-30,Durango,-0.2020411691892494
2008-06-30,Guanajuato,-0.0609329744493752
2008-06-30,Guerrero,-0.0450334317742452
2008-06-30,Hidalgo,0.0899343721471968
2008-06-30,Jalisco,-0.2587607611131223
2008-06-30,Estado de México,-0.3378079381448168
2008-06-30,Michoacán,-0.4846854289932491
2008-06-30,Morelos,1.1618090610665448
2008-06-30,Nayarit,-0.9907262490012418
2008-06-30,Nuevo León,0.0174156585854815
2008-06-30,Oaxaca,1.5981078122075083
2008-06-30,Puebla,0.712372610838806
2008-06-30,Querétaro,-0.0444172630316375
2008-06-30,Quintana Roo,1.5721996035514008
2008-06-30,San Luis Potosí,0.2770377970698344
2008-06-30,Sinaloa,-0.5550450775983894
2008-06-30,Sonora,-0.8396529897738569
2008-06-30,Tabasco,0.2712010388388993
2008-06-30,Tamaulipas,0.7865852973566156
2008-06-30,Tlaxcala,1.518027214588364
2008-06-30,Veracruz,0.165363958863605
2008-06-30,Yucatán,0.6019976310462167
2008-06-30,Zacatecas,-0.164988001698258
2009-06-30,Aguascalientes,-1.6035935131788104
2009-06-30,Baja California,-3.423848178153708
2009-06-30,Baja California Sur,-1.2871533557679575
2009-06-30,Campeche,-3.794974854350619
2009-06-30,Coahuila,-1.855935172771474
2009-06-30,Colima,-2.922514336475008
2009-06-30,Chiapas,-1.1912696401043488
2009-06-30,Chihuahua,-0.7078359899255185
2009-06-30,Ciudad de México,-1.7745182395275227
2009-06-30,Durango,1.477510763583579
2009-06-30,Guanajuato,-2.088213350192853
2009-06-30,Guerrero,-1.9433843558154968
2009-06-30,Hidalgo,-1.8545741114993588
2009-06-30,Jalisco,-2.774714365906846
2009-06-30,Estado de México,-2.4065268357277345
2009-06-30,Michoacán,-3.6750526760658615
2009-06-30,Morelos,-1.5453739619339544
2009-06-30,Nayarit,-0.9075707429828044
2009-06-30,Nuevo León,-1.1040622000461435
2009-06-30,Oaxaca,0.3018637593647503
2009-06-30,Puebla,-0.9122843866113644
2009-06-30,Querétaro,-1.6963423694374706
2009-06-30,Quintana Roo,-3.452877809328704
2009-06-30,San Luis Potosí,-1.2057741719670498
2009-06-30,Sinaloa,-0.4335287775726528
2009-06-30,Sonora,-2.089450474117809
2009-06-30,Tabasco,-2.826331818539696
2009-06-30,Tamaulipas,-0.5239680397372378
2009-06-30,Tlaxcala,-1.1753732559827863
2009-06-30,Veracruz,-1.9420082162909125
2009-06-30,Yucatán,-4.239774288402728
2009-06-30,Zacatecas,-0.9644565096358728
2010-06-30,Aguascalientes,-1.5444724548075854
2010-06-30,Baja California,0.2753182406696932
2010-06-30,Baja California Sur,-1.968638039995587
2010-06-30,Campeche,-0.0980967368614596
2010-06-30,Coahuila,1.7588684776855268
2010-06-30,Colima,-2.5917201483493577
2010-06-30,Chiapas,3.575049707351917
2010-06-30,Chihuahua,0.0953712960540226
2010-06-30,Ciudad de México,0.7893608650292647
2010-06-30,Durango,1.810123486367844
2010-06-30,Guanajuato,-0.6306770262168057
2010-06-30,Guerrero,-0.8158547229636404
2010-06-30,Hidalgo,1.120599927597823
2010-06-30,Jalisco,-2.281147919012564
2010-06-30,Estado de México,-0.0099847145736023
2010-06-30,Michoacán,-2.9625581916128496
2010-06-30,Morelos,0.8293841170460222
2010-06-30,Nayarit,0.032979278564453
2010-06-30,Nuevo León,2.614172915746376
2010-06-30,Oaxaca,1.5331659356336027
2010-06-30,Puebla,1.4144394526084647
2010-06-30,Querétaro,0.1179404541324846
2010-06-30,Quintana Roo,-0.6223681047162427
2010-06-30,San Luis Potosí,0.9462533530340596
2010-06-30,Sinaloa,-0.9300254297589216
2010-06-30,Sonora,-1.1060538550214718
2010-06-30,Tabasco,1.95088943839929
2010-06-30,Tamaulipas,2.3756159950901825
2010-06-30,Tlaxcala,1.186766770284718
2010-06-30,Veracruz,0.660092472449817
2010-06-30,Yucatán,0.1599701147368805
2010-06-30,Zacatecas,-0.0870619360345606
2011-06-30,Aguascalientes,-3.973288799397434
2011-06-30,Baja California,-0.4798859119607838
2011-06-30,Baja California Sur,-3.72503021951556
2011-06-30,Campeche,-0.347806215204152
2011-06-30,Coahuila,-3.2898706680713903
2011-06-30,Colima,-2.2575725398197304
2011-06-30,Chiapas,2.2422355846300333
2011-06-30,Chihuahua,-3.812957709842612
2011-06-30,Ciudad de México,-1.327890341803264
2011-06-30,Durango,-2.702212034260695
2011-06-30,Guanajuato,-2.877142384349171
2011-06-30,Guerrero,-2.274699158034758
2011-06-30,Hidalgo,-2.7578046085560537
2011-06-30,Jalisco,-4.120709958458919
2011-06-30,Estado de México,-2.3929725134013258
2011-06-30,Michoacán,-3.391878506947964
2011-06-30,Morelos,-1.2423778098436928
2011-06-30,Nayarit,-4.14293746717048
2011-06-30,Nuevo León,-2.4275883424397247
2011-06-30,Oaxaca,0.1115379258468003
2011-06-30,Puebla,-1.7274259339790003
2011-06-30,Querétaro,-2.5223613591303127
2011-06-30,Quintana Roo,-0.7739926821270207
2011-06-30,San Luis Potosí,-3.245407427723492
2011-06-30,Sinaloa,-3.5635337323904124
2011-06-30,Sonora,-2.072287808821586
2011-06-30,Tabasco,1.273808918677855
2011-06-30,Tamaulipas,-2.531375991060594
2011-06-30,Tlaxcala,-1.4550154437096576
2011-06-30,Veracruz,-4.127468403986492
2011-06-30,Yucatán,-0.4844340569410343
2011-06-30,Zacatecas,-3.4537790722497426
2012-06-30,Aguascalientes,-3.956441201341909
2012-06-30,Baja California,-1.2657518953400844
2012-06-30,Baja California Sur,-0.9201705416121744
2012-06-30,Campeche,1.936137267806274
2012-06-30,Coahuila,-2.6096790419403506
2012-06-30,Colima,-1.2597291732404086
2012-06-30,Chiapas,-0.0895019309795571
2012-06-30,Chihuahua,-3.5390250457500287
2012-06-30,Ciudad de México,0.55544449454494
2012-06-30,Durango,-4.065548305221844
2012-06-30,Guanajuato,-2.493085594934287
2012-06-30,Guerrero,-0.5968039569558843
2012-06-30,Hidalgo,0.6339560707652606
2012-06-30,Jalisco,-4.119218887191067
2012-06-30,Estado de México,-0.4001760038886883
2012-06-30,Michoacán,-2.512501236321019
2012-06-30,Morelos,0.773318686275788
2012-06-30,Nayarit,-5.449178536155008
2012-06-30,Nuevo León,-2.394739945172672
2012-06-30,Oaxaca,0.4158039753715704
2012-06-30,Puebla,1.453665628076928
2012-06-30,Querétaro,-1.5970394451232324
2012-06-30,Quintana Roo,2.5723166282590206
2012-06-30,San Luis Potosí,-2.186547370523737
2012-06-30,Sinaloa,-2.6250071555984227
2012-06-30,Sonora,-1.5044866420374483
2012-06-30,Tabasco,0.9559142391680672
2012-06-30,Tamaulipas,-2.023015908060076
2012-06-30,Tlaxcala,1.59162389947069
2012-06-30,Veracruz,0.5141777505290265
2012-06-30,Yucatán,2.5658724624860487
2012-06-30,Zacatecas,-3.855314484275401
2013-06-30,Aguascalientes,-1.3808647092528932
2013-06-30,Baja California,-1.3138373754918065
2013-06-30,Baja California Sur,0.5208636351507663
2013-06-30,Campeche,2.1250778187839083
2013-06-30,Coahuila,-0.584913096279455
2013-06-30,Colima,-1.2946644876139248
2013-06-30,Chiapas,0.6473400482086087
2013-06-30,Chihuahua,-0.318549401293117
2013-06-30,Ciudad de México,-0.4123652149311266
2013-06-30,Durango,-2.5408748810335293
2013-06-30,Guanajuato,-1.041744377171495
2013-06-30,Guerrero,0.0692283661532568
2013-06-30,Hidalgo,0.0421831775112538
2013-06-30,Jalisco,-3.620716891139168
2013-06-30,Estado de México,-0.484272297349975
2013-06-30,Michoacán,-2.003699260686793
2013-06-30,Morelos,-0.0281602045696646
2013-06-30,Nayarit,-6.206715265909833
2013-06-30,Nuevo León,-0.2435695887044507
2013-06-30,Oaxaca,1.4438629559153242
2013-06-30,Puebla,0.8673529319920341
2013-06-30,Querétaro,-0.6413442491619556
2013-06-30,Quintana Roo,3.084654268113612
2013-06-30,San Luis Potosí,-0.3321143730751103
2013-06-30,Sinaloa,-1.9672232727044443
2013-06-30,Sonora,-0.7200769727088239
2013-06-30,Tabasco,0.982117003652978
2013-06-30,Tamaulipas,-0.3980597274166944
2013-06-30,Tlaxcala,0.668813325809475
2013-06-30,Veracruz,0.781321430717933
2013-06-30,Yucatán,2.6398186242839303
2013-06-30,Zacatecas,-1.5396443324568794
2014-06-30,Aguascalientes,1.825466884311118
2014-06-30,Baja California,-1.669126345871561
2014-06-30,Baja California Sur,1.2195662613256049
2014-06-30,Campeche,5.446550794940624
2014-06-30,Coahuila,1.199006996215361
2014-06-30,Colima,3.9289692943344567
2014-06-30,Chiapas,4.307641751869845
2014-06-30,Chihuahua,1.583156882814758
2014-06-30,Ciudad de México,4.573314987710642
2014-06-30,Durango,2.809357232214305
2014-06-30,Guanajuato,2.213662256203173
2014-06-30,Guerrero,3.1125475137697864
2014-06-30,Hidalgo,3.840145446532562
2014-06-30,Jalisco,1.7228890951164717
2014-06-30,Estado de México,4.220964169023274
2014-06-30,Michoacán,3.385209678691781
2014-06-30,Morelos,4.69996554272919
2014-06-30,Nayarit,-0.1109576554731881
2014-06-30,Nuevo León,3.5279992787327914
2014-06-30,Oaxaca,2.080438722884654
2014-06-30,Puebla,3.916358318471553
2014-06-30,Querétaro,3.09212049705286
2014-06-30,Quintana Roo,6.264051572851711
2014-06-30,San Luis Potosí,3.010663444160489
2014-06-30,Sinaloa,2.6089117211997155
2014-06-30,Sonora,0.3614100020227481
2014-06-30,Tabasco,2.962396002864573
2014-06-30,Tamaulipas,3.083395051199445
2014-06-30,Tlaxcala,4.6236654225900535
2014-06-30,Veracruz,1.2449817785506212
2014-06-30,Yucatán,6.054272365077314
2014-06-30,Zacatecas,2.339127841900793
2015-06-30,Aguascalientes,2.084433835625301
2015-06-30,Baja California,-0.1127686158383083
2015-06-30,Baja California Sur,0.8284021810169948
2015-06-30,Campeche,-0.0259794764757859
2015-06-30,Coahuila,3.296633148419228
2015-06-30,Colima,0.189916324832055
2015-06-30,Chiapas,-1.2916296226757589
2015-06-30,Chihuahua,3.366858608639664
2015-06-30,Ciudad de México,3.620767863773807
2015-06-30,Durango,2.666976599008097
2015-06-30,Guanajuato,1.941198607936783
2015-06-30,Guerrero,-0.12183772922924
2015-06-30,Hidalgo,2.9948015928479275
2015-06-30,Jalisco,0.349860877216141
2015-06-30,Estado de México,3.10421824612136
2015-06-30,Michoacán,0.8240851878148542
2015-06-30,Morelos,3.2369853284854018
2015-06-30,Nayarit,-0.1993471064712065
2015-06-30,Nuevo León,6.125564442785644
2015-06-30,Oaxaca,0.4307309600805575
2015-06-30,Puebla,3.1352665636558377
2015-06-30,Querétaro,2.4608257808688805
2015-06-30,Quintana Roo,1.1328634072117514
2015-06-30,San Luis Potosí,3.7504468016969694
2015-06-30,Sinaloa,2.972214910405855
2015-06-30,Sonora,2.7116485412128286
2015-06-30,Tabasco,-2.488479118065467
2015-06-30,Tamaulipas,5.410172438617671
2015-06-30,Tlaxcala,4.055110366425109
2015-06-30,Veracruz,0.4778596964068906
2015-06-30,Yucatán,1.2961449584356284
2015-06-30,Zacatecas,2.882027122088082
2016-06-30,Aguascalientes,1.991901142748884
2016-06-30,Baja California,-0.9572852066318892
2016-06-30,Baja California Sur,-1.55867133500224
2016-06-30,Campeche,-2.5550951194233185
2016-06-30,Coahuila,1.6858505236305192
2016-06-30,Colima,-2.762184403195635
2016-06-30,Chiapas,-1.319124817186448
2016-06-30,Chihuahua,1.1640937511565868
2016-06-30,Ciudad de México,1.5051789913886089
2016-06-30,Durango,0.186242764245513
2016-06-30,Guanajuato,1.714355151206128
2016-06-30,Guerrero,-1.162670955698238
2016-06-30,Hidalgo,0.8555121730097273
2016-06-30,Jalisco,-0.7560898850036768
2016-06-30,Estado de México,1.5081323961264337
2016-06-30,Michoacán,-1.1435804003110548
2016-06-30,Morelos,1.2409613252462015
2016-06-30,Nayarit,-2.8668749745686823
2016-06-30,Nuevo León,1.81055463166159
2016-06-30,Oaxaca,-0.4863141285450389
2016-06-30,Puebla,1.2038624782277796
2016-06-30,Querétaro,1.6407959234594076
2016-06-30,Quintana Roo,-3.056337120645662
2016-06-30,San Luis Potosí,1.192860088906929
2016-06-30,Sinaloa,-1.2142916246993278
2016-06-30,Sonora,-0.1225443968871561
2016-06-30,Tabasco,-1.5854909004528768
2016-06-30,Tamaulipas,0.2502489487198209
2016-06-30,Tlaxcala,1.254388438997347
2016-06-30,Veracruz,-1.6387303354546026
2016-06-30,Yucatán,-2.6716842913515
2016-06-30,Zacatecas,1.7927270600258365
2017-06-30,Aguascalientes,-1.3163272383645703
2017-06-30,Baja California,0.3437099650507935
2017-06-30,Baja California Sur,-0.7736422365248433
2017-06-30,Campeche,-4.11459168092712
2017-06-30,Coahuila,-1.1173423349875946
2017-06-30,Colima,-3.7234268748313686
2017-06-30,Chiapas,-0.4976478941489399
2017-06-30,Chihuahua,-0.2971695110911859
2017-06-30,Ciudad de México,-2.5912518787685905
2017-06-30,Durango,-1.0249154622855747
2017-06-30,Guanajuato,-1.9737833197534764
2017-06-30,Guerrero,-2.9990156778362898
2017-06-30,Hidalgo,-4.095710038719425
2017-06-30,Jalisco,-3.032875603099018
2017-06-30,Estado de México,-2.7398378374547256
2017-06-30,Michoacán,-4.326244531223585
2017-06-30,Morelos,-2.349604379986521
2017-06-30,Nayarit,-3.5348641089237094
2017-06-30,Nuevo León,-3.102875902469871
2017-06-30,Oaxaca,0.0488188220120517
2017-06-30,Puebla,-2.8148044779640777
2017-06-30,Querétaro,-2.298695890788008
2017-06-30,Quintana Roo,-6.585933122646814
2017-06-30,San Luis Potosí,-4.100084000769432
2017-06-30,Sinaloa,-3.0527447976083195
2017-06-30,Sonora,-0.4773673157002069
2017-06-30,Tabasco,0.2394291562993098
2017-06-30,Tamaulipas,-4.14343117654332
2017-06-30,Tlaxcala,-3.506362989875788
2017-06-30,Veracruz,-3.449482148381429
2017-06-30,Yucatán,-5.448415603950688
2017-06-30,Zacatecas,-1.60719855323588
2018-06-30,Aguascalientes,1.4622918283982114
2018-06-30,Baja California,-1.809502038263037
2018-06-30,Baja California Sur,-0.2759604715360266
2018-06-30,Campeche,1.2996528350899608
2018-06-30,Coahuila,0.7127837987462037
2018-06-30,Colima,0.2199187828401308
2018-06-30,Chiapas,-1.398256610201251
2018-06-30,Chihuahua,-0.8979183975173203
2018-06-30,Ciudad de México,1.1814691528300882
2018-06-30,Durango,-0.294282652795754
2018-06-30,Guanajuato,0.943585611161788
2018-06-30,Guerrero,-0.3374509628895781
2018-06-30,Hidalgo,-0.4514018950483211
2018-06-30,Jalisco,0.3559168205039992
2018-06-30,Estado de México,0.5174747920402385
2018-06-30,Michoacán,0.4976191184591633
2018-06-30,Morelos,1.1762493478119085
2018-06-30,Nayarit,-1.4502313324899367
2018-06-30,Nuevo León,0.2185378866082873
2018-06-30,Oaxaca,-0.2071223558728517
2018-06-30,Puebla,0.4379168912318201
2018-06-30,Querétaro,-0.2567404346639094
2018-06-30,Quintana Roo,2.4696272386192915
2018-06-30,San Luis Potosí,-0.2194808795148372
2018-06-30,Sinaloa,-2.422449009125501
2018-06-30,Sonora,-0.0031017266764278
2018-06-30,Tabasco,-0.7120006546669558
2018-06-30,Tamaulipas,-1.2369565342732718
2018-06-30,Tlaxcala,1.1564786032022594
2018-06-30,Veracruz,-1.3862041218988808
2018-06-30,Yucatán,2.342809827679321
2018-06-30,Zacatecas,1.1016839293289686
2019-06-30,Aguascalientes,-1.1303330976673698
2019-06-30,Baja California,1.3083827780652753
2019-06-30,Baja California Sur,2.236832912987339
2019-06-30,Campeche,-2.370766281011474
2019-06-30,Coahuila,-0.8655603711810472
2019-06-30,Colima,0.7058693803075825
2019-06-30,Chiapas,-4.077608085080215
2019-06-30,Chihuahua,-0.9010596427692946
2019-06-30,Ciudad de México,-1.858817834597634
2019-06-30,Durango,-2.26487468797031
2019-06-30,Guanajuato,-1.081248099674425
2019-06-30,Guerrero,-0.3093977335541026
2019-06-30,Hidalgo,-3.170915667201811
2019-06-30,Jalisco,0.3205532760518438
2019-06-30,Estado de México,-0.7946175867453859
2019-06-30,Michoacán,0.4581857749828135
2019-06-30,Morelos,1.1531866181873534
2019-06-30,Nayarit,-0.6594450979521778
2019-06-30,Nuevo León,-0.3443055224187338
2019-06-30,Oaxaca,-2.9429327149034097
2019-06-30,Puebla,-2.246289335526167
2019-06-30,Querétaro,-2.2609472133084485
2019-06-30,Quintana Roo,-1.898307571081176
2019-06-30,San Luis Potosí,-2.451186408612517
2019-06-30,Sinaloa,-1.3075447814893078
2019-06-30,Sonora,1.1706766968783342
2019-06-30,Tabasco,-3.94460471381779
2019-06-30,Tamaulipas,-2.123399864762184
2019-06-30,Tlaxcala,-2.6892032629786544
2019-06-30,Veracruz,-4.9980434918075005
2019-06-30,Yucatán,-2.4660013054095
2019-06-30,Zacatecas,-1.5907480976573476
2020-06-30,Aguascalientes,-1.7718773566596409
2020-06-30,Baja California,0.9914817912855644
2020-06-30,Baja California Sur,2.573644685655353
2020-06-30,Campeche,0.520633748191286
2020-06-30,Coahuila,-2.898110124207503
2020-06-30,Colima,0.3834843693551556
2020-06-30,Chiapas,-1.870203735545097
2020-06-30,Chihuahua,-2.034167555967927
2020-06-30,Ciudad de México,-3.271225222357789
2020-06-30,Durango,-1.7847155975944915
2020-06-30,Guanajuato,-3.219735122372426
2020-06-30,Guerrero,-1.5242274997139786
2020-06-30,Hidalgo,-4.58580019831901
2020-06-30,Jalisco,0.341680881202911
2020-06-30,Estado de México,-2.3650744957817484
2020-06-30,Michoacán,-2.1722625531099604
2020-06-30,Morelos,2.2271715010108912
2020-06-30,Nayarit,1.2087671291466917
2020-06-30,Nuevo León,-1.302139369340003
2020-06-30,Oaxaca,-3.026601255092772
2020-06-30,Puebla,-1.7336265691610495
2020-06-30,Querétaro,-3.988010289253792
2020-06-30,Quintana Roo,-2.2144571819297245
2020-06-30,San Luis Potosí,-3.43683210837936
2020-06-30,Sinaloa,-1.115824880866188
2020-06-30,Sonora,-0.0512404882608424
2020-06-30,Tabasco,-1.3294739907397537
2020-06-30,Tamaulipas,-2.887868933037105
2020-06-30,Tlaxcala,-4.526918847925659
2020-06-30,Veracruz,-5.455933740737174
2020-06-30,Yucatán,-0.96668978301709
2020-06-30,Zacatecas,-1.0562253672329125
2021-06-30,Aguascalientes,0.1106811092935565
2021-06-30,Baja California,-3.139196751534804
2021-06-30,Baja California Sur,-2.3282108742087715
2021-06-30,Campeche,1.2057827810436863
2021-06-30,Coahuila,-3.2627110192916224
2021-06-30,Colima,0.0743652165562277
2021-06-30,Chiapas,0.5487296928732349
2021-06-30,Chihuahua,-3.6199004319945214
2021-06-30,Ciudad de México,-0.4569582073453221
2021-06-30,Durango,-2.44563363433084
2021-06-30,Guanajuato,-0.6647542665511946
2021-06-30,Guerrero,0.667702920707082
2021-06-30,Hidalgo,-2.1832849875657105
2021-06-30,Jalisco,-0.0357101026293349
2021-06-30,Estado de México,-0.7961027803174734
2021-06-30,Michoacán,-0.6043749242091251
2021-06-30,Morelos,1.798887625274462
2021-06-30,Nayarit,-0.8155046798243653
2021-06-30,Nuevo León,-2.4661686999552
2021-06-30,Oaxaca,0.7516070755929405
2021-06-30,Puebla,0.5157200753922095
2021-06-30,Querétaro,-1.3751672563183337
2021-06-30,Quintana Roo,1.42731558473616
2021-06-30,San Luis Potosí,-2.554091890572189
2021-06-30,Sinaloa,-3.700620526637801
2021-06-30,Sonora,-2.956707330106379
2021-06-30,Tabasco,-0.7702916206943791
2021-06-30,Tamaulipas,-3.198296024418397
2021-06-30,Tlaxcala,-0.9645966155836272
2021-06-30,Veracruz,-3.2271827714523025
2021-06-30,Yucatán,2.479237847929737
2021-06-30,Zacatecas,-0.0536061510274608
2022-06-30,Aguascalientes,-1.4136334724224615
2022-06-30,Baja California,-2.7969933654009456
2022-06-30,Baja California Sur,-0.7477593808542639
2022-06-30,Campeche,-0.972856339562786
2022-06-30,Coahuila,-3.4709758307261787
2022-06-30,Colima,-0.729362084025005
2022-06-30,Chiapas,1.2623461346737446
2022-06-30,Chihuahua,-1.3284179017907731
2022-06-30,Ciudad de México,-0.6609318250137037
2022-06-30,Durango,-2.0312825356817026
2022-06-30,Guanajuato,-1.532142283994903
2022-06-30,Guerrero,2.0998609873091327
2022-06-30,Hidalgo,-3.350283536374223
2022-06-30,Jalisco,-1.027871760499106
2022-06-30,Estado de México,-1.0539873168761025
2022-06-30,Michoacán,-0.1481778859699541
2022-06-30,Morelos,1.3841433509424128
2022-06-30,Nayarit,-2.4148266624681862
2022-06-30,Nuevo León,-3.3039408592371458
2022-06-30,Oaxaca,1.2323650472595455
2022-06-30,Puebla,-1.0495184956871937
2022-06-30,Querétaro,-2.518553831728855
2022-06-30,Quintana Roo,0.1140046893965461
2022-06-30,San Luis Potosí,-3.4279771496938127
2022-06-30,Sinaloa,-2.8470114767872725
2022-06-30,Sonora,-0.759563736529461
2022-06-30,Tabasco,2.274476587297736
2022-06-30,Tamaulipas,-3.938599929113855
2022-06-30,Tlaxcala,-1.497080874879552
2022-06-30,Veracruz,-3.2643914043283195
2022-06-30,Yucatán,-0.3603792993197947
2022-06-30,Zacatecas,-1.06679953349141
